Ticker,最新价,1日涨幅,5日涨幅,20日涨幅,连涨天数,成交量倍数,20日平均成交额,距离52周高点,信号
UBXG,9.7,0.0,2.1290322927977128,1.852941040349258,0,0.9431691120462706,16455358.842177201,-0.9005128224690755,5日涨幅>20% / 20日新高
DSY,5.34,0.03088809450802321,1.9021739433246654,1.6834171492446384,3,0.037475857177777246,48479796.45828128,-0.9029090881347657,5日涨幅>20%
QH,9.46,0.130227021205638,1.7660818207928881,2.2397259558135265,2,0.10153198339805088,10569954.034261703,-0.938888889847218,5日涨幅>20% / 20日新高
RGNT,6.1,-0.35106381359765126,1.531120202234348,2.1606217981418543,0,0.5231984193991189,101973697.24170625,-0.35106381359765126,5日涨幅>20%
CUPR,5.27,-0.37336503251564546,1.2142855997990072,1.3781587501874748,0,0.14359202610165017,37786127.30727194,-0.9299202101756242,5日涨幅>20%
EDHL,6.15,-0.16666666666666663,0.9838710595368128,1.8249885007118607,0,0.026797507381912684,39284964.841884375,-0.9386961711116839,5日涨幅>20%
ARQQ,19.94,0.11272323935064565,0.596477253759989,0.565149206616314,2,2.5830816971338297,13958924.1943264,-0.6577998905541301,5日涨幅>20% / 放量大涨 / 20日新高
WYFI,35.65,0.18912615310932823,0.5306998765341913,0.4997896861308233,4,3.811284087106044,35708108.669309616,-0.08893430736632357,5日涨幅>20% / 放量大涨 / 20日新高
FRMI,7.88,0.053475948442173626,0.4021352802317735,0.20305341755369288,5,1.429546409708973,108906271.22701883,-0.7577620531773275,连续5天上涨 / 5日涨幅>20% / 20日新高
AKAN,19.1,0.07605635951942125,0.3880813999827839,0.17177921935376217,1,0.15456837555528874,16405459.401607513,-0.8222138356570632,5日涨幅>20%
MBX,40.09,0.0284761576035637,0.3421492810917772,0.29406070835900167,2,1.4371740863745661,26480629.65270996,-0.07070002967576305,5日涨幅>20% / 20日新高
RXT,6.21,0.04987321693938429,0.3326180775726082,0.2937499565382815,2,4.140332151692928,97803275.04668236,-0.14814813845781316,5日涨幅>20% / 20日新高
WDC,681.08,0.042155657059262275,0.31553746355362056,0.4852568609249981,4,2.340786786822595,3557017820.459442,0.0,5日涨幅>20% / 20日新高
BTQ,5.33,-0.0037383142585097895,0.3111930747057774,0.8900709396744335,0,1.2645668922008935,18460876.158220768,-0.6230551772070495,5日涨幅>20%
VELO,25.04,0.08445217626908064,0.28872879682133434,0.34406881607701467,1,0.9679075633073417,110882032.12330818,-0.1819666639582026,5日涨幅>20%
AMPG,8.78,0.17066663106282554,0.28362566331951156,1.3729728702213588,1,0.5907425681640691,54807968.825342655,0.0,5日涨幅>20% / 20日新高
TRT,12.59,0.05004173418877156,0.25774224422712644,-0.1781984070899586,4,1.2935808993082245,13752779.645938873,-0.3720697939321387,5日涨幅>20%
SVM,12.64,0.03776683305594819,0.2552135775951876,-0.038501574386449966,4,1.880259451465967,42609137.2770071,-0.19456909662611743,5日涨幅>20%
USAS,5.88,0.020833312637276835,0.24576279148566815,0.012048222435590672,4,0.8940895081689362,25036887.10454464,-0.4137586968111431,5日涨幅>20%
SSRM,31.83,0.09986176006622327,0.23755835044595397,0.03613283317584659,4,1.6241085035672098,70293073.99946213,-0.10940127507370834,5日涨幅>20% / 20日新高
BRUN,35.92,-0.041110543330623917,0.23224695159554787,0.3938687439225006,0,0.6114200922510517,69072519.01126862,-0.08367353393255872,5日涨幅>20%
AIP,41.56,-0.047444410821639305,0.23104275591100132,0.24842295675354942,0,1.16567338605163,40307123.85765076,-0.047444410821639305,5日涨幅>20%
BULL,6.72,-0.020408212915155044,0.22181814367120922,-0.04815866222996479,0,0.5015630892033275,100331860.87990284,-0.6211950463983527,5日涨幅>20%
AMKR,86.55,0.012991579806107767,0.22056125485726974,0.31204406618995995,4,2.54852003794636,400839895.2495575,0.0,5日涨幅>20% / 20日新高
ARM,396.34,-0.039292187455384986,0.220033288830487,0.8424135614264159,0,0.9363378367271145,4438193065.037689,-0.039292187455384986,5日涨幅>20%
STX,1031.34,0.01230857693128673,0.21906354997623545,0.3921223589900842,4,1.6312794984594012,2912047625.1885986,0.0,5日涨幅>20% / 20日新高
PURR,10.04,0.07494644516372762,0.21696969234582153,0.44877347915605736,4,1.2646847797554812,187870824.8935485,-0.08477668938358818,5日涨幅>20%
TWST,84.95,0.05149147153822242,0.21253211402406036,0.70616580410124,4,1.3273976742364042,121191759.5703125,0.0,5日涨幅>20% / 20日新高
LION,16.36,0.13848300213226183,0.2100591757714816,0.30254777577872316,5,4.655894374367844,48382437.189450264,0.0,连续5天上涨 / 5日涨幅>20% / 放量大涨 / 20日新高
SNDK,1991.55,-0.05517921145915561,0.20953636205656156,0.4940248266990037,0,0.8487284131246059,18484335701.801147,-0.05517921145915561,5日涨幅>20%
SHAZ,76.68,0.0921521336714275,0.2090823481405184,0.33356522269870914,2,0.6885242962166039,54602486.151828766,-0.09125381842709512,5日涨幅>20%
CBRL,43.75,0.005978347010778151,0.2052341851107633,0.49215554076977264,1,0.5969057236929053,67767744.08457756,-0.37794503604608054,5日涨幅>20%
ASM,6.95,0.017569529560692576,0.20450603678323498,0.001440886449888934,4,1.147914972962894,26235958.247249126,-0.3816726022429674,5日涨幅>20%
NBIS,265.1,0.01934094142976739,0.20434314003315168,0.3264285264381461,4,0.8375619651250912,3887569995.7616425,0.0,5日涨幅>20% / 20日新高
VIVO,5.73,0.09351150178595535,0.2037814587289446,0.18879664211680858,4,1.487729935428163,11204649.027881622,-0.16593884795863023,5日涨幅>20%
ATEX,77.63,-0.06481152565185089,0.20263351794379147,0.41196795015943266,0,1.0329387722067096,34408810.967292786,-0.06481152565185089,5日涨幅>20%
ELF,66.93,0.04594465618991106,0.20226338255049003,0.22001457456321516,7,1.188822769142684,258125214.28382874,-0.5436694542800711,连续5天上涨 / 5日涨幅>20% / 20日新高
GPGI,14.02,-0.03774874732879552,0.20034247358289559,0.16445186895215835,0,1.1665449646794492,25803705.72707653,-0.46056992678651787,5日涨幅>20%
PRCH,11.4,0.08571424938383565,0.19622244889361262,0.14343022198610478,4,2.0076850581403405,14436952.179441452,-0.401260553026894,20日新高
REAL,11.31,0.02168028287342172,0.18553463992046715,0.195560293235697,4,0.6845307893156656,28319389.603056908,-0.3307691908338466,20日新高
EGO,34.65,0.026362655467847995,0.18461543678218484,0.09655767575825958,4,0.9340280258663252,78175024.64964867,-0.3002356843138311,20日新高
FWRD,13.77,0.013991202881079579,0.184006906471611,0.6200000538545496,9,0.982651377343864,13702794.08290863,-0.573287875350779,连续5天上涨 / 20日新高
MGNI,18.55,0.1074626410185402,0.17330795349278527,0.3853621181056168,4,2.412787766380257,39269531.18464947,-0.3005279443111746,放量大涨 / 20日新高
IAG,18.09,0.00892358308359431,0.17163216607670417,0.06537106244264201,4,0.8978531123371056,97482665.50167084,-0.2637362483810437,20日新高
W,83.16,0.0020485094916968816,0.16568556112948407,0.40330756020105496,2,0.579658335639894,299600669.6272087,-0.3014699577457802,20日新高
TGTX,50.54,0.004771405210876489,0.16532170071997254,0.2801418820043007,7,0.9700292130041751,84666082.53879547,0.0,连续5天上涨 / 20日新高
MRNA,55.4,0.0627278033908143,0.1606956224010727,0.15152776601625728,4,2.439660091058558,253232565.96847534,-0.04152245229862905,20日新高
ESAB,102.5,0.059760118965545006,0.1584538439324974,0.16437579713003725,4,1.2820990695318517,65169372.364845276,-0.23897360044663896,20日新高
KRUS,51.34,0.020473042162222788,0.1573489505454948,0.005286870165989832,5,1.948403905790669,21235462.65686035,-0.4642596350660755,连续5天上涨
TH,19.02,0.005817060351093417,0.15693429683054116,0.0566666920979817,5,1.1159288911481058,24674506.01167679,0.0,连续5天上涨 / 20日新高
COMP,9.42,0.0306345429380368,0.15299877458104283,0.19089763059551235,4,0.9960270335775976,102186956.7636776,-0.3063328329001067,20日新高
PSIG,11.2,0.037037001061669184,0.15226332320757563,0.5135134682331413,9,1.8510971797614093,12883836.549663544,0.0,连续5天上涨 / 20日新高
BBWI,21.07,0.08273384820640617,0.15136615154354538,0.3144690563807879,4,1.248589412462454,119029251.93423748,-0.34889759193295955,20日新高
FTAI,268.52,0.01897389271574612,0.1487486161012701,0.16444051130308335,4,0.8966136613661366,243142358.1109619,-0.1309860207952288,20日新高
RBLX,49.34,0.0805957143555347,0.14744186401367188,0.05023415566936862,2,1.3097985383214437,478753880.69770813,-0.651455206248041,20日新高
AFRM,74.69,0.03880390620747254,0.1471356433919555,0.15960251816200888,2,1.246636738521366,326894212.8051758,-0.1897374463643552,20日新高
ROG,161.14,0.04008266318622211,0.14454156597733148,0.20433479607107863,4,1.773025306122449,43652100.806427,0.0,20日新高
KLIC,117.27,0.015852340288965205,0.14253699669150088,0.18025358215274556,4,2.0803027919303894,86366589.75261688,0.0,20日新高
KYMR,87.44,0.021614746847425925,0.1369132528657595,0.09752735598140916,1,0.9640200693115398,45486666.31938934,-0.07986947737964378,20日新高
PEB,19.38,0.047567522203600054,0.13399642994338667,0.34210524403991505,6,2.0631909615488326,36486219.297003746,0.0,连续5天上涨 / 20日新高
URGN,31.95,0.035153118414618545,0.13378283949383918,0.11791465529144762,4,0.8276983065101877,18616017.533922195,0.0,20日新高
CPNG,18.03,0.052539496203841685,0.13324958262512077,0.14840770099916512,2,0.8258730076323717,453074075.1811409,-0.4622725516537106,20日新高
TRVI,15.4,0.050477474680792334,0.13318612550550357,0.14668646824939202,4,2.968666663458716,14432601.251459122,0.0,20日新高
TLN,406.51,0.052562126199958925,0.13316056428512613,0.253847877855887,4,2.0447244691772983,278928609.4541931,-0.0882154739263421,20日新高
AGIO,31.84,0.0006285499043208187,0.13148545995706495,0.12867781587817406,3,0.7960026401551091,27914648.117380142,-0.30006597103161436,20日新高
GHM,113.45,0.05466205512781919,0.13133225298427398,0.2019281457976576,4,0.7051296102558993,30213958.968467712,0.0,20日新高
COCO,83.87,0.01231145795107702,0.13001888126063665,0.05856366519063605,3,1.1673463260327588,71925995.19577026,0.0,20日新高
ARQT,25.67,0.0035183797050946097,0.1263711735441131,0.2815775934250848,2,0.8595859914370578,38020522.76926041,-0.1772436074172874,20日新高
LFST,8.62,0.0034924019136546303,0.1253263782337155,0.10512816343238618,2,0.815248927318249,21050780.118322372,-0.025988755479855463,20日新高
BLZE,8.29,0.02219485977753166,0.12330621047436763,0.11875845243751959,5,0.8041790965883375,12049690.751943588,-0.2288372128508812,连续5天上涨
CXT,42.88,0.008466618214389765,0.12104577955856821,0.12345717139577217,4,0.878115625,37152635.50172806,-0.3707484916304945,20日新高
BOBS,13.9,0.0,0.11826221056023578,0.17299571063864305,0,0.5292297022487099,10864366.548190117,-0.38304486485127376,20日新高
LTM,55.01,0.0027341908405544846,0.11672757198382766,0.16943021366683397,4,0.6122413514145149,42537153.16270828,-0.19441306758229748,20日新高
KB,114.17,0.00475227429886349,0.11657699920728914,0.10085815424559885,4,0.7157474859866059,24829267.337913513,-0.03417647362166343,20日新高
FRPT,57.09,0.04771514762401918,0.11612900194545817,0.17832815796893398,4,0.7917496392058891,83634917.86579132,-0.3322806999697323,20日新高
AAL,15.71,0.016170763220125117,0.11497515032045902,0.27103563709728373,4,1.3316814338330107,1407755030.8892107,-0.03382534950755567,20日新高
ROAD,122.01,0.014383134141096932,0.11495935114659495,0.061418054592616844,4,1.0300404716988971,67665641.55956268,-0.13147774881151864,20日新高
VSEC,199.12,0.002870773390424519,0.11476878602840923,0.18573217293961353,4,0.7189922779497461,81107852.09274292,-0.12542982825099214,20日新高
CCL,30.9,0.02589637309308679,0.11431662923274244,0.2404656687198039,4,0.9163344445914131,725769877.8884315,-0.08111304184868007,20日新高
GO,9.88,0.02702705114083548,0.11386699457867855,0.30171276888212284,5,0.8821648136372907,24649724.386792183,-0.4705251771043749,连续5天上涨 / 20日新高
PRM,36.49,0.0035753868518424436,0.11351849767282518,0.091208228977669,7,0.8988472546409596,43285429.24799919,0.0,连续5天上涨 / 20日新高
WF,66.0,0.021355574044616743,0.11223457752420751,0.06640815399715438,4,0.7591391946419258,11118042.639255524,-0.21865752283399076,20日新高
BRC,84.89,0.0037838441052260308,0.11054417423284857,0.005448289503849013,6,0.6775496499076625,41732861.930885315,-0.11616017350954577,连续5天上涨
NP,27.93,0.013425284702586193,0.1105368083026621,0.026083799034960053,6,0.43160977371829606,20643488.821601868,-0.08963494043825249,连续5天上涨
MTRN,256.48,0.017212705668222084,0.10900681561871339,0.26871130729087267,4,0.6077117688298229,73796153.93981934,0.0,20日新高
CXW,27.88,0.003961062340284371,0.10722791194866788,0.3263557827597101,12,1.1316940317358257,25675839.861307144,0.0,连续5天上涨 / 20日新高
WWD,421.54,0.04730436905570645,0.10713068560714878,0.2075179999695782,2,2.084109587190967,268057933.80218506,0.0,20日新高
STUB,11.5,0.0,0.10683345717024917,0.23258307545965984,0,1.2509362986368515,62176813.35900307,-0.4772727272727273,20日新高
ALGT,95.92,0.0071398605672843285,0.10647128235782,0.28475748009674384,4,0.6231819609928221,52274085.31749725,-0.16438716435300194,20日新高
LUV,47.43,0.029296840722156547,0.10347739211876794,0.24184351310905794,4,1.5325551336877656,264577052.22122192,-0.12695454100213355,20日新高
JHX,25.63,0.018275688640378762,0.10331466490847929,0.29313822176594706,4,0.8701058104959445,192396285.8333397,-0.13587325378887793,20日新高
MITK,17.07,0.030175015643251868,0.10200128773739814,0.20806790916997997,7,0.6750894065451637,17194178.08597088,-0.044767829145972104,连续5天上涨
ALNT,95.73,0.006730539948374581,0.10135763200160652,0.5721399149962201,4,1.717858970825623,20494420.77199936,0.0,20日新高
OSW,26.36,0.006875489040395255,0.10016701242005621,0.10482838673780503,4,1.3885461914541721,13358285.03947258,0.0,20日新高
AVAH,7.52,0.04011064468713377,0.09461428037775499,-0.02337660166199429,6,0.8792197956663828,11960424.672386646,-0.26777023897387253,连续5天上涨
COF,200.62,0.03082930916932347,0.09419137408657408,0.07646080578067171,4,1.1040872020976369,933215732.0102692,-0.21589485175434442,20日新高
DB,34.88,0.011014523713485103,0.09341697445832953,0.15280733175529537,4,0.8964134797425217,105302965.768013,-0.103594461914017,20日新高
TDOC,7.57,0.01474532613296442,0.09235214418124826,0.19212602918919286,5,0.561563440605008,29824933.261220455,-0.19978856859030303,连续5天上涨
DASH,170.03,0.011541450911251694,0.09224642371208214,0.045244978749600984,2,0.8959560284040123,763821486.5322113,-0.3965003028577816,20日新高
CLDX,32.32,0.006226674022112633,0.09189186751015299,0.06949041790817367,4,1.2747797941207684,22804697.07262039,-0.0645441271050532,20日新高
SAN,13.38,0.018264822286715,0.09046451632158736,0.1281619310088178,4,0.6372838261196234,117602334.46268082,0.0,20日新高
FUN,24.45,0.04755786645650417,0.09005797727508513,0.21762952469308838,1,0.7595915323623856,42104662.009010315,-0.2577412937985226,20日新高
CON,28.46,0.011012414569921303,0.09000376940586574,0.093900098684782,9,0.8833458866346507,21548039.80313301,0.0,连续5天上涨 / 20日新高
IMAX,43.71,0.032844976362758294,0.08975313935028972,0.2762043528313185,3,0.8389409307612996,44035107.007484436,0.0,20日新高
ALK,49.11,0.0006112220492602294,0.08818966204386447,0.31450748950856156,4,0.630883787911474,152062552.3975563,-0.23097400342976282,20日新高
CRH,112.84,0.029655991501081225,0.08813885881028827,0.09140146052837994,4,1.0682585125298407,514274716.54125214,-0.1349573262043846,20日新高
NPO,358.19,0.018424301679685895,0.08730234163569328,0.16918139461586668,2,1.0804473967495472,60437684.62509155,0.0,20日新高
DUOL,128.07,0.00794907748333018,0.08662825946880615,0.13096087725372518,2,0.6492574733463178,163200388.30799103,-0.7324796766754691,20日新高
HIMS,31.47,0.043089136021647656,0.0859213185110359,0.41184378738326144,2,1.0443228865991214,499160580.65950394,-0.5244787070378225,20日新高
HDB,25.27,0.021422825042393123,0.08501500491209812,0.025984625205206502,4,0.809091767291388,253313389.72706795,-0.3517915714240982,20日新高
ATLC,96.24,0.0124132162369186,0.08402792506246692,0.2252067998056666,4,1.6758284451893044,11269349.00630951,0.0,20日新高
BIRK,48.97,0.021698328998655203,0.08340708836568833,0.5245953564491486,1,0.7192678175589441,125885207.48430252,-0.08295880484252227,20日新高
BBVA,24.39,0.023499767844535224,0.08255653112808958,0.10662424575788032,4,0.8438486114662568,40526413.7388134,-0.036717244209667044,20日新高
ESE,329.46,0.005064074813687203,0.08189939360692189,0.12952550647274408,2,0.8630384370703277,73034961.04904175,-0.029143994314296928,20日新高
GEF,70.72,0.01960785176447355,0.08068457491309666,0.12486086244924688,4,0.8857713790446842,13387261.510810852,-0.07169577090041312,20日新高
CORT,83.71,0.007098127025926715,0.08026843969770314,0.5186865149964597,2,0.7616761062122459,70511833.99021149,-0.07318424084018627,20日新高
ENVA,193.8,0.02452949513543423,0.080207341262585,0.17234290674443842,1,2.1421891908446824,42517825.04570007,0.0,20日新高
EQH,45.29,0.001991153784707045,0.08013356989975517,0.06640928534466917,4,0.5819601049653532,203575475.35879135,-0.1718499769778169,20日新高
GPC,107.27,0.02513376594761474,0.07906641878490239,0.16388010557961752,4,1.2872782964951262,152251008.03962708,-0.2668362179261218,20日新高
LC,19.03,0.03143630892802474,0.0787982621934078,0.21753042529176003,2,0.939057815027924,31504151.444516182,-0.11816493262631211,20日新高
HWM,277.42,0.025809831841872022,0.07878367349941895,0.07949734997354252,4,0.7865314409901132,628874971.0342407,0.0,20日新高
IBKR,93.1,0.0036653334417919847,0.07841997566865677,0.08214464436169422,4,0.6926917448262835,484741950.4455948,0.0,20日新高
VMC,300.83,0.026758580836222734,0.07824367947048616,0.13178419444337597,4,0.8795789725494887,346169126.24160767,-0.08587599342486318,20日新高
SHG,71.08,0.019068126610103153,0.0771329615405203,0.1172587712105595,4,0.6152038700760194,17847401.17603302,-0.008923583083594422,20日新高
SLGN,41.66,0.022582182892534775,0.07648576294880227,0.11747741084672292,1,0.5345960212025106,34204857.79754639,-0.25126824622974664,20日新高
PENN,21.865,0.0011446711701286194,0.07603346946346057,0.32675973170270445,3,0.6648648207538701,70889790.20752907,0.0,20日新高
KNF,82.08,0.015590226936256224,0.07589462375204792,0.10159709405166306,4,1.4124334700287933,43192705.38566589,-0.13207145927962927,20日新高
VIRT,58.7,0.017331022301169563,0.07587975229918364,0.07084730245225535,3,0.6738436752123383,67481915.62631607,0.0,20日新高
BDC,118.42,0.032252482429680374,0.07554798804902485,0.13641833835433292,1,1.1462316779698096,59153838.715400696,-0.21463338366195361,20日新高
ABNB,141.2,0.01611967563435268,0.07499041025520681,0.051377466416178574,4,0.94007368629206,513975841.5750885,-0.020668580100709266,20日新高
TBLA,5.04,0.02024289544013369,0.074626844426948,0.005987970379371932,6,1.2521868239706113,13224101.666445732,-0.04000000726608999,连续5天上涨
USPH,66.39,0.013278430878462144,0.07427184804616194,0.02828244369974975,1,0.5369111336129997,13091654.812965393,-0.2732723759370893,20日新高
BALL,58.19,0.014646908019830818,0.07401251936039821,0.04666050917780784,6,0.4838063100621589,168015512.5466156,-0.13550512689874905,连续5天上涨 / 20日新高
TBBB,42.43,0.000471597685348657,0.07363359852493234,0.14675676500475077,5,0.3074808537088836,41075590.78788757,0.0,连续5天上涨 / 20日新高
LNC,37.97,0.010646833354486684,0.07320520278112763,0.09455182253794492,9,0.8049744532628681,57378744.05843735,-0.16346077317791952,连续5天上涨 / 20日新高
NWPX,132.26,0.008848118606527011,0.07301632496045563,0.19013765657920123,2,0.7437895152792413,18156398.173294067,0.0,20日新高
ALHC,20.6,0.04145599931034605,0.07291664390100472,0.2653562354188299,2,1.0222822977504005,103018048.14572334,-0.13481726822649498,20日新高
TRIP,12.81,0.01990445793373863,0.07196657942076135,0.34417636710918287,4,1.0144102768831464,52712186.22971058,-0.3307209598687457,20日新高
PRSU,48.87,0.005762477431932256,0.07171053875406286,0.14049009736603368,7,0.6672445927788132,10383020.511665344,0.0,连续5天上涨 / 20日新高
RYAAY,62.15,0.004525660236432305,0.071551750446188,0.10804067314682331,4,0.6023454799527034,81944450.16559601,-0.15251102987992604,20日新高
BKNG,175.72,0.006184160758298196,0.0715287233039823,0.13601430140757031,4,0.94454019985156,1238994416.3469696,-0.23827189638580215,20日新高
CAH,227.72,0.005830421200551328,0.07076693083808694,0.13991087926354528,6,1.2901309136625763,452360687.18421936,-0.006994950091440022,连续5天上涨 / 20日新高
AXP,340.74,0.01598182740034071,0.07023049503310563,0.0912759444381459,4,0.6382314097042779,901965906.0610962,-0.10993655128960089,20日新高
AEG,8.65,0.015258116641078567,0.07018730379801497,0.04018198576275167,4,1.0138836131415478,37651737.041921616,0.0,20日新高
IBN,28.12,0.011147118994758065,0.0696082107256688,0.08739366494744694,6,0.7787495133433882,200079220.7443714,-0.17632212415446213,连续5天上涨 / 20日新高
BKD,13.75,0.010286579489667158,0.06920687146835514,0.03539158708429091,3,1.5384173336190359,50989825.306921005,-0.18008350478998125,20日新高
CHH,116.07,0.03633928298950195,0.0689813753680315,0.08832628255199348,4,0.7133219665935948,74399404.650383,-0.1347314598194994,20日新高
LTH,34.87,0.01810215859517572,0.06897609054795861,0.04935297659465654,1,1.0579859042061355,80085983.50376129,0.0,20日新高
NCLH,20.33,0.009433989067312076,0.06831314714417402,0.3322411283604363,4,0.8731914026989982,396808082.1960306,-0.2453600771831902,20日新高
BCS,25.98,0.013260536688045166,0.06825657352970249,0.13251957006999238,4,1.2799689929312696,121447635.21386147,-0.044639545590487106,20日新高
CCK,102.2,0.02118300438049814,0.06825545002902,0.05187312779094011,4,0.8265675163696702,102202887.71137238,-0.11379291615612919,20日新高
AGM,184.01,0.002997862056260292,0.06813013968718029,0.06244501892736509,5,0.6800278510700675,24172370.830612183,-0.09105662317145236,连续5天上涨 / 20日新高
ATMU,51.67,0.03298675921794292,0.06800324572539851,0.027781868929808606,4,0.5683243545871586,42193169.62638855,-0.21109866132942623,20日新高
CRBG,29.21,0.0,0.06777813460747106,0.06894050977897437,0,0.6906731729156624,150683704.71175194,-0.15907849935798846,20日新高
DLO,12.7,0.003159554686819721,0.0672269089394868,0.12096999161771382,2,0.7342131915900287,31712113.180122375,-0.18423404772883045,20日新高
ACIW,45.5,0.015851731858896212,0.06707318600585799,0.06308413109973898,1,0.7205079656511179,33927574.72665787,-0.1514360144281216,20日新高
LPX,77.34,0.0014242260284345054,0.06690576102975876,0.0979556169411544,4,0.4718081313275865,74797282.07118988,-0.23640515095997094,20日新高
AMCR,41.42,0.00754068484532433,0.06670090692139108,0.1232322262634522,4,0.6228345369698676,141774567.1133995,-0.15653220048611627,20日新高
ETSY,73.34,0.015930099149363164,0.06660840691345626,0.24664276823422648,4,1.1272470962577346,197099268.37064743,-0.02938064177386457,20日新高
WH,85.36,0.049293204811873714,0.06641217590553916,0.09834719368088707,4,0.9985255688933916,106246219.2282486,-0.052455261960413724,20日新高
AAMI,82.33,0.021844385539243394,0.06589212906835229,0.18886792587945034,4,0.7496657948270852,31928402.111091614,0.0,20日新高
AZZ,153.66,0.011187133937439198,0.06582510656650786,0.09929893406801416,4,0.693689301145598,35662635.465545654,0.0,20日新高
WSM,227.18,0.017421288488569386,0.06572216835003442,0.3429888138898636,1,0.6695997494325497,257503735.9565735,0.0,20日新高
KMPR,25.93,0.014475776485301184,0.06488705950528151,-0.14053694930049865,5,0.5750113042068713,30245005.350017548,-0.587632006831432,连续5天上涨
FTDR,70.13,0.004871705594360787,0.06467275435261755,0.10545395289293746,6,0.9065758376199082,32217509.33259964,0.0,连续5天上涨 / 20日新高
BSAC,33.43,0.007534659364093033,0.06464970418176463,0.0946299706290803,4,0.6043549813597842,13992531.152210236,-0.06322308868241644,20日新高
WDFC,227.64,0.005743585193918266,0.0646337648117008,0.11495323226325493,2,0.6686241171854564,31905305.34072876,-0.09556475796745323,20日新高
GE,351.73,0.027669026326470503,0.06442927123721054,0.2298682576200577,4,0.7529761441297783,1527700158.1954956,0.0,20日新高
PRG,39.26,0.022129614097833983,0.0636683414748338,0.1681046595828235,1,0.6248149244891916,15131541.189098358,-0.02200322711843794,20日新高
MIRM,101.55,0.005445574769879391,0.06357351781956577,0.06346219838263867,2,1.0974108797179796,69899858.03413391,-0.08833823854751777,20日新高
TOL,153.27,0.030663690086220274,0.06334123020308668,0.20713556587309423,2,1.4529525355662836,161298595.68122864,-0.07563975074572171,20日新高
BX,127.87,0.025996995623581265,0.06301439665278319,0.092532482453338,4,0.7658231582224537,610849447.4856567,-0.3019214783247659,20日新高
FMS,23.75,0.012793144021328473,0.06263980289195015,0.1119512271135985,4,0.4905653326904532,17910936.777038574,-0.14120426200448344,20日新高
IR,78.52,0.0227953637686924,0.06237305848383268,0.1221951589709771,4,0.9834976742784235,285844838.14071655,-0.20454466056216714,20日新高
GL,169.17,0.010633841841132918,0.06175859050277577,0.07511910776573916,6,0.6753360100870094,87482708.4627533,0.0,连续5天上涨 / 20日新高
HOV,121.04,0.009929098511112677,0.06175439399585381,0.25222425335966436,1,0.9174008337272767,12769257.879447937,-0.22489755329778816,20日新高
C,142.99,0.01260533032126876,0.061307875213838736,0.16812352924898244,4,0.9007457813489318,1447652022.8243637,0.0,20日新高
XHR,19.6,0.024568805087406442,0.061180352470192156,0.19731211830454543,1,0.9292930545822145,14482216.559305191,0.0,20日新高
SN,136.28,0.02396876195944464,0.060709863878723125,0.2807066449507478,1,0.6678100390003346,264269665.28678894,0.0,20日新高
RLJ,11.26,0.017163553685231925,0.06026368646133573,0.23060116921518325,6,0.5674383233564557,19204385.75592041,0.0,连续5天上涨 / 20日新高
WTS,339.0,0.0171627497649236,0.05993813661184921,0.12503345977236524,4,0.8896934238917933,108467123.54187012,0.0,20日新高
FLS,80.51,0.00650086618762713,0.05976044284030002,0.22114366394004237,2,0.9691503772991473,147604052.0884323,-0.12262271829137439,20日新高
IBP,217.86,0.044441269644804215,0.05941402333301893,0.013517184649129321,2,0.7635406827688571,92053438.64814758,-0.36069613269168044,20日新高
GEO,28.63,0.0031534072302812355,0.0591934307612354,0.2535025818518952,2,1.7697757954504478,45337726.0992527,0.0,20日新高
JPM,331.14,0.03675648395834963,0.05897026453966858,0.1011206150073658,1,0.9046918168455412,2676116970.578308,-0.0053055037313433084,20日新高
HCSG,22.56,0.01211298965120089,0.058657908555922234,0.047353691135628706,1,0.7840848509105464,12993256.096792221,-0.021682567718115386,20日新高
MFC,41.12,0.009327374515519793,0.05815744431386305,0.08557474670519105,5,0.37012755273169845,100428277.98345566,0.0,连续5天上涨 / 20日新高
FER,69.59,0.015764036899496903,0.05743806290117792,0.03571950899357845,4,0.9659457018414314,112815820.80654144,-0.05523243769980224,20日新高
EVER,20.49,0.01235177879580518,0.05673029479603664,0.12397149125789797,6,0.8266705976367629,12370559.45011139,-0.2648008914921235,连续5天上涨 / 20日新高
SGI,74.97,0.0095609892815538,0.056510741093117156,0.20746219349403505,2,0.6427922230765609,218650961.9223976,-0.23141322500733663,20日新高
TREX,46.9,0.011429859956923583,0.0560684910385536,0.22839185832905873,2,0.6485097009059695,80314989.8751831,-0.3152284568738686,20日新高
AMRZ,55.62,0.02961863125810371,0.05560828205621826,0.12046735728774705,4,0.8855593796068452,186960192.74471283,-0.1470935739399133,20日新高
WMS,143.23,0.04707948503173953,0.055567787976043004,0.060290853869572336,2,0.9506239055294258,146456830.0590515,-0.1812807497657244,20日新高
SCHW,93.67,0.02990655648126106,0.055198847709561516,0.013854300116385554,1,0.845413688317893,1036172173.4442139,-0.12019804425139025,20日新高
ROCK,41.47,0.024456563479795523,0.05494784461848701,0.16652607906306316,4,0.8804476665655925,13721296.257286072,-0.44395279964400247,20日新高
GTX,34.61,0.014063859572648774,0.05486129721792188,0.14202522718113997,4,0.7295647431577664,98212311.7645073,0.0,20日新高
MLM,603.57,0.0249282417949388,0.05473133652113371,0.08753912115664675,4,0.923431086064148,324312753.381958,-0.14536588578284193,20日新高
UBS,50.46,0.01836528479159849,0.05432508234357902,0.09008421012034473,4,1.1258206841066942,110929275.68380356,0.0,20日新高
EXPE,243.56,0.027766064434484372,0.05409850312506026,0.13529516276765974,4,1.155776295737952,341416214.94499207,-0.18818941440710624,20日新高
GD,364.11,0.012738816198414327,0.05331518475547714,0.0612048640277334,1,0.6348292518805123,360065526.8952942,-0.004297379961861525,20日新高
ALLY,45.66,0.004841576306162443,0.05328723078664077,0.08430299657103024,4,0.5905939975510408,145291956.20010376,-0.016166617938694117,20日新高
PRU,109.16,0.0043242359936139785,0.05265194671695439,0.07445887946526897,5,0.9260412148711619,185434820.06248474,-0.05535149975729858,连续5天上涨 / 20日新高
AXS,102.75,0.014213823670989667,0.052550677208391905,0.020965824951789447,1,0.7773805583140241,62272297.342414856,-0.05476339269922503,20日新高
CNO,51.05,0.0126958816025724,0.052143420350937886,0.0710573201243383,9,0.4688172641450366,33989886.066913605,0.0,连续5天上涨 / 20日新高
LPLA,303.3,0.02702146915494663,0.05210208504673597,0.02706487801495494,1,0.7120200700901343,328545030.9440613,-0.23706457136049153,20日新高
CCS,61.12,0.007915559813120199,0.05179828411492071,0.2513730179699991,2,0.7406887170874568,19599989.11087036,-0.1745556670419286,20日新高
BTSG,64.14,0.0009362914619124307,0.05147539983030236,0.14168741618428426,4,0.5929884480456484,202369608.60559464,0.0,20日新高
AMN,31.88,0.03238342056921151,0.05110449195382483,0.10464305220187065,4,0.8493155473259582,30848477.796869278,0.0,20日新高
UTZ,7.24,0.0027700805412327334,0.05079824548836953,-0.013624029889763523,5,0.6488414817454043,13095750.262873173,-0.49061914577261045,连续5天上涨
JEF,62.02,0.0011299385627465686,0.05065224022188963,0.19614276341239512,4,0.7761265212310785,92264220.68155289,-0.09856883644746484,20日新高
LNTH,105.03,0.0034393868028017582,0.05051005453895163,0.12777839446829975,5,1.2993187066974596,103329133.93798828,0.0,连续5天上涨 / 20日新高
MS,220.83,0.013074622256062263,0.05032105508230522,0.1460376720800829,4,0.6749902550888686,1226849544.0033722,0.0,20日新高
INN,6.51,0.020376193120540398,0.05000006921829936,0.19230772589723544,2,1.195492349105578,11617659.651958942,0.0,20日新高
SLF,77.66,0.013838188108403093,0.04988512073153073,0.07715850445575634,1,0.3491550979130275,59485175.36869049,0.0,20日新高
QSR,76.29,0.008460004980032965,0.049814267755534436,0.007927050532011481,6,0.6429872425111015,248634791.03546143,-0.06587483009720074,连续5天上涨
TNL,75.14,0.010897316542986202,0.04971024852939321,0.2111525025309844,4,0.5055518424206938,62336465.79036713,-0.03787662019916427,20日新高
AMP,471.33,0.024897759345659853,0.0492886840992135,0.00031833672655023904,3,0.785574157151167,283089812.5566101,-0.1302485946719737,20日新高
STT,171.29,0.02342115243655618,0.04924957602531577,0.1141536826193823,1,1.0366992449621457,311328269.51950073,0.0,20日新高
HD,337.09,0.022042292317716594,0.04904618437184238,0.13277872554041692,4,0.9874059033804984,1623708198.9407349,-0.18733132499007132,20日新高
GTES,27.69,0.01243144964700793,0.04886367174876338,0.14943961638302405,4,0.4029520063107521,48798358.32014084,-0.012834178709255961,20日新高
CINF,171.79,0.014467916624691712,0.04858689718679643,0.024694300867107,6,1.0303848876924633,105410569.71672058,0.0,连续5天上涨 / 20日新高
RBC,621.08,0.006694229355856729,0.04839561324926889,0.1269415419373059,2,0.6263230252510311,166982425.00549316,-0.003385781773289742,20日新高
SKYW,92.02,0.0006524310481847984,0.04830255095389169,0.12507636157266444,4,1.0264035603754764,33203326.486091614,-0.2562237654773971,20日新高
MAN,34.21,0.02578712592802379,0.04777940231816746,0.2646989348288309,1,0.5740502773681624,26299794.944467545,-0.21431597111279654,20日新高
WLFC,193.5,0.013991501039281706,0.047644846763174487,0.09600677799633384,2,0.8500403623643376,20176060.340881348,-0.1885124863666533,20日新高
PFGC,104.51,0.003938555889713147,0.047614273238621996,0.08706056583856436,8,0.6795067885296918,149074544.73545074,-0.038723317119232714,连续5天上涨 / 20日新高
BNS,85.54,0.010872112255780664,0.047001274305038754,0.10717057404032904,4,0.5709891278753482,198624448.39942932,0.0,20日新高
RVLV,21.22,0.02166580865060186,0.04686723404719806,0.1501354165783635,7,0.556705268639315,21213202.064580917,-0.3252782575967359,连续5天上涨 / 20日新高
EVR,373.8,0.02262465198831798,0.04673630849323773,0.1290715025517004,4,1.0001799894123875,129830961.61682129,-0.019297504231087115,20日新高
CART,44.21,0.04812704515433075,0.04663819431167604,0.07855567880343406,2,1.0935817512232329,154371524.59098816,-0.14603054484148226,20日新高
IVZ,29.2,0.003436439180715789,0.04622002588964391,0.06608256347661956,4,0.4412574194370144,135634253.4990406,0.0,20日新高
IHG,170.5,0.011569248964317103,0.04620481513710817,0.13011205354361555,4,0.927812463644472,41109114.09667969,0.0,20日新高
CMI,699.97,0.029806752991033303,0.045933372878548706,0.035845262891966545,4,1.1150928126536632,643671028.3358765,-0.01993382936385002,20日新高
RJF,158.31,0.023269282454267293,0.04584793991724356,0.024925486710994038,3,0.5473430589936862,214522683.32359314,-0.09368039085902558,20日新高
CVCO,604.47,0.02023695420879701,0.045235208201429566,0.31948656443112244,1,1.01556505385536,78152963.4248352,-0.13369932033484666,20日新高
AMG,357.5,0.012948764398204471,0.04495500146825493,0.2035821346975608,1,0.3583912085460073,115124471.22009277,0.0,20日新高
EMR,148.81,0.015629219351334767,0.04486729021066482,0.12547266816461766,4,1.0647388070346273,365499230.1663208,-0.07238814388638115,20日新高
OC,128.37,0.040275474309992676,0.04450767716350912,0.14411763465915706,4,1.2278019731579415,126688674.45137024,-0.16980604035899172,20日新高
BAC,56.84,0.01736175477443136,0.044468983187572864,0.12715189516251657,1,0.6524406541382216,2028378937.8230858,0.0,20日新高
RBA,110.9,0.004437984308641951,0.04435444934725896,0.0815615950332298,4,0.9852327642976546,103747248.11542511,-0.06641097240399219,20日新高
NWG,16.76,0.01699033339945788,0.044236824023134336,0.09614128650727971,1,1.7483851687772463,65373362.15866089,-0.08338618574311807,20日新高
PBI,17.52,0.016241339348193495,0.04410010374475726,0.06439862893376191,1,0.7671005521164463,44212573.34077835,0.0,20日新高
ARES,134.98,0.007238275206806533,0.043869290257777305,0.10218085695893597,4,0.7057556409416123,286626996.1314392,-0.2738921088121561,20日新高
APO,138.48,0.017412351087795486,0.043556887055176574,0.03724892179737971,2,0.6577451839486,422116653.87794495,-0.09840308088311633,20日新高
BEN,33.18,0.02060910545168504,0.04339626104477845,0.037848014319970646,4,0.7719995191050396,126602273.13944817,0.0,20日新高
MHK,111.52,0.0008076490859207919,0.04331553260226095,0.15123354476214557,2,0.688421416027498,69387886.54075623,-0.20200360183852306,20日新高
RRX,222.53,0.01681513627210318,0.04327236566095771,0.18228667163997359,4,0.8070556149101002,190551508.76800537,-0.03820718556618896,20日新高
VMI,556.51,0.02939220671072862,0.043228038299574,0.11150838441031308,1,1.230929171980029,122145732.37670898,0.0,20日新高
WINA,404.26,0.004098319649528115,0.04292867978445436,0.1450178795702679,6,0.6701116354010819,16417260.086364746,-0.19516613333257182,连续5天上涨 / 20日新高
CW,764.61,0.0026488131564257333,0.04267127036507312,0.07676931300674328,4,0.539394046337633,208144193.92303467,0.0,20日新高
PFG,111.17,0.005244613891500549,0.04228383978987327,0.09430433975772257,1,0.7683115673813348,112277642.71652222,0.0,20日新高
HCI,164.24,0.006557622946780084,0.041999813355245275,0.03575706569371717,2,0.6508819875776397,25156349.965896606,-0.19828143039096657,20日新高
ACA,132.66,0.03285581703899654,0.04177797610502809,0.08630855452402408,1,0.8094133333333333,32579174.371681213,0.0,20日新高
TRS,42.23,0.010770722261544075,0.04168718767990187,0.10520807521812459,4,0.9708112845795672,18352308.636169434,-0.011470076415384778,20日新高
REZI,32.25,0.019924071601696847,0.041666697470101655,0.1415929203539823,1,0.733167325543127,37909000.847997665,-0.2752808988764045,20日新高
KWR,148.89,0.011000170232835726,0.041625834942049966,0.09261022030904775,4,0.6709042444125487,20741471.632614136,-0.17220718423673376,20日新高
OSK,138.1,0.010611139932649172,0.04132115207428422,0.13747667678899678,4,0.6161846761251855,95798586.85314178,-0.22043795595289206,20日新高
LEG,10.85,0.007428033454574878,0.041205549106074546,0.16842679628269996,2,0.6961453765879689,25876361.120886803,-0.15011082052006086,20日新高
LYG,5.56,0.012750487172993097,0.041198461405480113,0.07543517615674045,1,1.2148461059637157,137542058.01740408,-0.08859127046937587,20日新高
MCO,468.41,0.03160376642001772,0.04104992025710885,0.056381226840905185,3,1.2818346006629109,437196706.8675232,-0.1279952182179488,20日新高
ATR,120.65,0.021764902227062066,0.04098360601780837,0.04179262645123849,4,0.6540693068232383,52911194.45877075,-0.24579673044218786,20日新高
TROW,108.94,0.003038411096585758,0.040951754212345426,0.0768432071094809,6,0.785777282068759,201065310.0100708,0.0,连续5天上涨 / 20日新高
SYF,75.29,0.00911406379323143,0.040923531170184324,0.05967625167701707,4,0.748245667269493,264715959.0084076,-0.14204546343699243,20日新高
PRI,282.84,0.007839158974564109,0.0406563429322766,0.012124614027951175,1,0.6859198734844492,51402664.702301025,0.0,20日新高
NLY,22.59,0.015737427386319114,0.04053436689201084,0.04825990498128685,2,0.8018651710626629,164436061.4870262,-0.04265920624639641,20日新高
MSGE,75.32,0.010057663981082987,0.04047520831440643,0.09096174241047095,2,1.0422799653237214,31408724.722557068,0.0,20日新高
THG,199.2,0.00469053641872752,0.04022170856086005,0.013313095176646028,3,0.744335585771639,57940115.87188721,0.0,20日新高
SF,74.26,0.014758155596486189,0.04005603010127334,0.007856249032491158,4,0.7549061721518794,93225179.49836731,-0.15591636003826093,20日新高
YUM,157.67,0.019396133933635262,0.03983376041437725,0.04025720265385324,4,0.8735608896108991,326586267.9686737,-0.05779271853964474,20日新高
SKY,80.72,0.026841376338492484,0.0396702969508953,0.22973799468731926,1,0.521915630731608,62716719.35787201,-0.17176275416604792,20日新高
FE,47.7,0.007604575606066755,0.03898934701539192,0.07626356253134081,6,0.6365328489849484,214427298.212986,-0.07162451375301082,连续5天上涨 / 20日新高
ECL,273.87,0.02247522447823025,0.038482839671922564,0.10194773572130766,4,0.9084620195833154,475009021.96510315,-0.10701353096341881,20日新高
SHW,322.44,0.006869885942168308,0.03828695899471124,0.06769280860224347,4,0.6914750949296404,685038252.875824,-0.1345360980544883,20日新高
PK,14.69,0.020138886773291897,0.03816254250253581,0.3246167158036817,1,0.5692492737353527,67460372.64482021,0.0,20日新高
CG,46.83,0.012759518407687409,0.03743913301411794,0.0049356945164134025,4,0.6783379584942085,148291315.7335472,-0.31076990034625995,20日新高
KMB,104.28,0.011052931902216567,0.03740551394546654,0.09501056821278042,3,0.6638710570870803,436604648.2529831,-0.20022202486158847,20日新高
MTH,74.29,0.025821526753182944,0.03734769113746861,0.22173490730940792,1,0.9856406853071132,58109151.85523987,-0.07958126328248816,20日新高
WFC,85.05,0.022973342267635255,0.03719515916777816,0.14360629165993433,1,0.8176940741413324,1192370043.8676453,-0.108241083689958,20日新高
BMI,135.38,0.007291748741320214,0.037156256407510746,0.14182808675807745,4,0.6432454063427485,56478249.217300415,-0.4465870400304892,20日新高
GVA,145.18,0.027023146922298125,0.03662970019449108,0.05754657609798697,4,0.8077695569957223,110988706.5096283,0.0,20日新高
PH,938.51,0.021385221608648308,0.03642063697695175,0.09328660202124262,4,0.5836663526129675,706298697.5692749,-0.0805347729164474,20日新高
CNA,45.53,0.013579711380604653,0.03618571238692314,0.024988758579634007,1,0.8075605510304958,20249545.683345795,-0.0714945297491808,20日新高
ITW,265.78,0.01245662600291464,0.03597743685638588,0.0654212764619575,4,0.9274492554377441,352680014.6016693,-0.10727359894017763,20日新高
ENR,20.38,0.012419275232124827,0.03556904698861829,0.2553689842826701,1,0.6069387994990755,20235499.699072838,-0.27864731751716154,20日新高
MKL,1879.85,0.013915442452117066,0.03553033898005342,0.007643699862716069,6,0.7306497622820919,144222466.92138672,-0.1423650443271357,连续5天上涨 / 20日新高
OMF,57.77,0.0017340435580628366,0.035304681857320164,0.0792079539539734,2,0.4385959667074947,56705437.453136444,-0.15960920204361118,20日新高
TDG,1301.2,0.018671449517973393,0.0349654491417386,0.1005201319744935,2,1.266704992356638,469908795.68969727,-0.1420001320070382,20日新高
DHI,156.33,0.007995393142330665,0.0348182581043186,0.1370281153914663,2,0.5071090666736363,335523793.2724762,-0.14292350600135906,20日新高
VCYT,50.92,0.03601213811019832,0.03411853032517653,0.2269879076854293,2,1.418622910325967,58366660.58610916,0.0,20日新高
BATRK,51.54,0.014167674636496486,0.0341091644810354,0.008216001416631702,2,0.9651534448050614,18256057.654018402,0.0,20日新高
TPG,44.64,0.026442806778529837,0.03405145432136214,0.07956471673357846,4,1.2267128692335094,93060989.62425232,-0.3422163473299469,20日新高
D,68.5,0.005135707502342379,0.03396226415094339,0.024066106457145908,3,0.4541631936641054,704374087.0986176,0.0,20日新高
OMC,77.37,0.011240368400726064,0.03394361690999226,0.06914350049092266,1,0.74186749169146,239545460.4397583,-0.07951777855071795,20日新高
MAS,74.8,0.0063231697716272794,0.03386322915422113,0.14692759905369734,4,0.8890460950852838,159185816.5125656,-0.030070508499929205,20日新高
CAT,945.46,0.012345710478620209,0.0336285223079924,0.09434574757097458,4,0.8271731143637134,2499449834.9798584,0.0,20日新高
MMM,161.63,0.021487766207919368,0.033506013898679576,0.06514074628543587,1,0.8684650948460082,607545680.7064056,-0.06537472198592686,20日新高
ALLE,134.87,0.008750921433440473,0.033391580307518876,0.054144709890284304,4,0.5969727803288714,123083057.93960571,-0.2438193367083037,20日新高
VNT,29.78,0.008124568844952496,0.03331023601619587,0.06488652418660967,4,0.7225007722246247,57903355.184020996,-0.3167770853152533,20日新高
HUBB,502.65,0.026381848406911157,0.033260000894568265,0.07070013478306714,4,1.1016990895594558,333850338.841066,-0.09624343849482941,20日新高
EQIX,1094.6801,0.02846732246859629,0.03287297046177984,0.03526599662439067,4,1.0545999368202537,590621521.1810303,-0.013624939366374433,20日新高
WSC,28.43,0.004593677442400468,0.03269159448175585,0.18783895190033806,4,0.7233996152378281,49560050.26942253,-0.09040854001907361,20日新高
KKR,98.97,0.009074218729945516,0.032658649858222644,0.03125976828009902,4,0.5048980184733437,410149137.01911926,-0.3452447986309908,20日新高
UFPI,86.1,0.017129319812225763,0.03175556168710836,0.0658660368920605,4,0.840035325287018,37252969.742889404,-0.2493688812879571,20日新高
OTIS,73.51,0.023673647617793003,0.03142985265430043,0.03345993216242027,4,0.6966853289953957,246557805.73429108,-0.257926222096187,20日新高
TD,118.21,0.007414375095741388,0.031140960518415417,0.09069941022483907,4,0.6153482348212491,253390236.59477234,0.0,20日新高
TRN,35.21,0.0117816050689874,0.03103945860120927,0.02742919796185861,4,0.48364252269059177,26893777.29007721,-0.03902839325864693,20日新高
APH,158.81,0.0013872326488639786,0.030765171733914132,0.3047157079027538,4,0.6200046240393972,1544471659.2952728,-0.04286386408221987,20日新高
HWKN,160.37,0.009632326961543036,0.030655455183584923,0.03141626790501939,4,1.0101273172147804,18734629.162368774,-0.1275253183492493,20日新高
LOW,224.02,0.017394076881732445,0.030593040919416392,0.02752041043216269,1,0.5250645335457741,690672686.5371704,-0.2167600740401835,20日新高
LECO,273.54,0.021205194892788493,0.03047653405862727,0.04844773838305483,4,1.248295145631068,83769337.37236023,-0.08181365220703163,20日新高
CR,207.03,0.002226806597126929,0.03041011679292338,0.21403836985730673,1,0.6693616025278434,96140353.35014343,-0.012602565545923539,20日新高
WBS,74.82,0.005915601743128995,0.030294641490436147,0.04336913471004311,4,0.46809480199212894,278722571.93149567,0.0,20日新高
MHO,145.04,0.026541157747850486,0.030259941353703246,0.1707159092798538,1,0.981931098559867,27521809.06463623,-0.0774711095280568,20日新高
SATA,99.99,0.0003401154667583839,0.029821546114213726,0.012349751958306232,5,1.4863216812917612,64587094.503326416,0.0,连续5天上涨 / 20日新高
POOL,198.08,0.03690521434752725,0.029414841055865004,0.09201170129315694,1,0.9511783682064608,165164444.9557495,-0.3952974482290934,20日新高
KEY,22.75,0.014718997439031378,0.029411746937130445,0.09042981168626651,1,0.7195085656467695,261702443.7507248,-0.0003086017758096027,20日新高
HMN,48.71,0.00848860981135413,0.029401263155586443,0.0733061346901891,1,0.7314300200861952,11960700.356903076,0.0,20日新高
PEG,80.88,0.009107869165833504,0.029138580254943536,0.061727310694187354,4,0.47836216492232186,212491817.36457825,-0.07306949865184986,20日新高
TGLS,44.85,0.022105683281550714,0.028905673712377844,0.13630598142966388,4,0.42533634414315263,11110559.847927094,-0.4581448441356639,20日新高
IVR,8.19,0.016128927295115947,0.02889441471533849,0.03442939801040801,2,0.9363520728197811,18023716.263070107,-0.06383985558354688,20日新高
BLBD,73.21,0.0049416694288531016,0.028808253469144285,0.00646138623186876,4,0.6767925863670544,31323758.313560486,0.0,20日新高
RTX,186.77,0.01704424359189427,0.028695785326752876,0.06591640711416802,2,0.7256952461622593,982395863.4894562,-0.11600684970238928,20日新高
LXP,54.09,0.0035250208039003805,0.028522532718155746,0.05029126509879389,3,0.686475389314506,20778913.17768097,0.0,20日新高
AER,142.98,0.010530710131656518,0.028485047715270273,0.022819962762833157,4,0.8199567653284863,184820801.6432953,-0.07147152795112055,20日新高
TRV,307.51,0.003393508469929918,0.02846157112249159,0.009168911130836399,6,1.5236899717862868,454306730.0468445,-0.006762088852834247,连续5天上涨 / 20日新高
KVUE,18.43,0.009863030420590668,0.028459834079828328,0.07275902082629271,6,0.4025645934664436,344123651.97395325,-0.15555534969682983,连续5天上涨 / 20日新高
APLE,16.37,0.013622366928770724,0.02826637944616195,0.16805486619268128,1,0.8237572504233166,42068089.74448204,0.0,20日新高
EXC,46.59,0.008878298932496032,0.027796123331943035,0.06955076865629217,1,0.9006926708172627,365769385.65841675,-0.0648608154866962,20日新高
GBX,49.33,0.018373311923567393,0.027708371480305916,0.028136771606885214,4,0.6235694558844905,19633123.848991394,-0.15635161047547574,20日新高
DRH,12.02,0.006700241222102443,0.027350483223523625,0.13289357650441236,4,0.6884471100466937,21878408.158664703,0.0,20日新高
ALSN,121.03,0.013057650813210309,0.02646081774476383,0.061108200682913116,4,0.40447251869599943,109571834.18956757,-0.10786203539343242,20日新高
SON,51.22,0.017279101746729753,0.02645289888697988,0.09118028801046463,1,0.7920961921253217,60293324.551086426,-0.09840567667336464,20日新高
CSL,356.78,0.009135938616464001,0.026173510973355185,0.06958057063121625,4,0.5326681345633937,121419523.06808472,-0.16977163435932263,20日新高
BMO,169.54,0.006769592820467629,0.026146907356930704,0.10234063668437043,4,0.8447486478242432,109306777.94189453,0.0,20日新高
ZWS,49.57,0.015154573746071653,0.02586920546139604,0.03473282555200785,4,0.7112435549484094,39379649.60613251,-0.0589418634452773,20日新高
PPL,36.38,0.005805996953304415,0.025800110294390555,0.04988125424318057,3,1.0582373537121765,327104912.10689545,-0.0788156160899347,20日新高
WLY,45.09,0.040618468662787066,0.02570521136599324,0.08233318093468145,1,1.889345269142015,16270177.471593475,0.0,20日新高
PG,152.49,0.01349194928029851,0.025694540736307614,0.0709319906370467,3,0.957203623501477,1234637988.881073,-0.08111082995486096,20日新高
REYN,23.62,0.008109284318517318,0.02561876400333829,0.09758365877320974,1,0.9452342332782553,21903889.124326706,-0.047811702404629175,20日新高
SIGI,92.56,0.0031429600745427333,0.02559554081544313,0.03315103629987548,1,0.7069639894603299,45558165.33866882,0.0,20日新高
UL,59.02,0.005622795003857872,0.02500865892526516,0.03001747371037755,1,0.5057201270172691,249155580.7676506,-0.1950517845574281,20日新高
NTRS,174.84,0.012274172662137373,0.024853400250186786,0.06281827789571093,1,0.6706606015827377,188698682.77442932,0.0,20日新高
RHP,123.38,0.007430358648196078,0.02483593221138114,0.1371428318287371,1,0.7060357514458995,61462170.73665619,0.0,20日新高
V,333.12,0.02871962072330292,0.024826973164997268,0.0014429426635795828,3,0.7801586188510558,2568249838.274536,-0.06449566540792062,20日新高
AGNC,10.56,0.009560265880022012,0.024248301631911495,0.03703840023765892,4,0.7666028467208843,148659974.5370102,-0.08285257408435698,20日新高
WAB,272.12,0.01201227376543934,0.02389286362648324,0.04720376404025273,4,0.600881714194415,220181114.81513977,0.0,20日新高
MUFG,20.3,0.005946428645691837,0.023701427895248095,0.0578425571710095,4,0.8685162801825792,62728273.69477272,0.0,20日新高
AWK,128.47,0.012611322136699465,0.023420715924448166,0.029159651816514698,3,0.7741047650779878,258838850.6437683,-0.1032642297815316,20日新高
PIPR,80.97,0.018234464774253167,0.023382184149393304,0.0246769601343515,4,0.33129738470327375,40381713.64124298,-0.12475049628590684,20日新高
SHO,11.85,0.005942330227954873,0.023316101860323846,0.1394231553966505,4,0.6647791434432926,24352460.10574341,0.0,20日新高
TKR,140.28,0.008338151975438635,0.023269403505881803,0.2483758596647696,2,0.5704494424621813,151605967.54051208,0.0,20日新高
NMR,8.91,0.011350672307886223,0.022962090515407763,0.11235949972699433,4,0.8055787111253607,12617726.306757927,-0.06603774810902074,20日新高
CNP,43.35,0.0065010165145305,0.022646829400688517,0.04475872560481897,3,0.645551079909464,220438645.8853531,-0.012520734433197123,20日新高
PGR,204.66,0.005700263695869179,0.02263528041159768,0.0032353120691634984,3,0.6990263527210354,635783885.7013702,-0.183299350309866,20日新高
MIDD,165.02,0.009173189584197106,0.022428813586562457,0.1427186489003549,4,1.1546238739169519,80337153.73947144,-0.022740710197860947,20日新高
HLT,350.22,0.008959741869686288,0.0223311840877074,0.10134792173526086,4,0.7907024126523037,496105684.95285034,0.0,20日新高
ANIP,83.0,0.008628011624419507,0.022167526101080526,0.04613062554883762,3,0.7839678725018973,25392585.418395996,-0.16000402741856679,20日新高
CVBF,21.24,0.019193839520226685,0.022136625085305228,0.06841049636639518,1,1.6137387793226958,27805872.89650917,0.0,20日新高
ATEC,8.44,0.01809404333178599,0.02179168843992052,0.043263216464025644,3,0.7448568305662153,20078616.998548508,-0.6278659847082446,20日新高
TMDX,75.82,0.004504455786559003,0.020594948989657302,0.10945279130467789,2,0.522320684754733,85573652.59967804,-0.49594468409934134,20日新高
MCD,287.93,0.006326008630932689,0.02012397759355622,0.02624264096044815,6,0.6662283859381916,1208496496.9029236,-0.14530547102370583,连续5天上涨 / 20日新高
DTE,148.85,0.005471581019442562,0.019869881575275805,0.05305977839511011,3,0.6861489239483282,215227978.7638855,-0.018722369913519166,20日新高
SPGI,433.25,0.021647351892921662,0.019843680924725327,0.04036442818171526,3,0.8702819629484757,887600831.1907959,-0.225589102166318,20日新高
RPM,109.49,0.005879645370878039,0.019364995165658927,0.12760040766582081,2,0.3738944731112238,86810486.86630249,-0.13344341905221624,20日新高
DX,13.21,0.008396920112524908,0.019290123400010906,0.03054865672272511,4,1.4622213869117628,53075448.47362995,-0.0563127296678585,20日新高
NTB,59.11,0.0111187399257342,0.019137941557785476,0.05591284554680431,1,1.040909090909091,12208931.635036469,0.0,20日新高
FHI,58.75,0.009276772444948955,0.019080632177040036,0.07956637222978813,1,0.48675228230454326,41894404.56123352,0.0,20日新高
GATX,177.66,0.01029284899500249,0.01876170736419458,0.04112464925128889,4,0.6115721583947848,36950209.40788269,-0.11170431907070766,20日新高
PHM,124.76,0.017784369698891522,0.01828169673275193,0.11848831529051074,1,0.4679177112759423,181552621.87511444,-0.12113304933057412,20日新高
DUK,126.06,0.006226043956713223,0.01809075972613794,0.026212970666703805,3,0.8254278296859897,398733356.4927292,-0.04728523386144634,20日新高
MCY,102.61,0.015638937445760615,0.018028600148965346,0.022884528257918424,3,0.7042488110038877,25221895.97969055,0.0,20日新高
HST,24.9,0.003627575756760315,0.01757255076591302,0.13854589222791658,1,0.834152978974876,210403917.8408432,0.0,20日新高
BRK-A,742386.0,0.00045819261878654594,0.017159408216895766,0.016967123287671138,3,1.2304347826086957,166643465.0,-0.03609392548543533,20日新高
AOS,60.24,0.0036654651620326995,0.017052205707181356,0.06243387774063636,4,0.5801308456505937,92574492.98147202,-0.24714192394412637,20日新高
PTY,11.89,0.006773913705639956,0.0170303823450213,0.023966725351592055,4,1.0516772743718183,11484400.841593742,-0.11393587965940644,20日新高
VRTX,453.17,0.006016121351648307,0.01660054421886059,0.03799997106079589,2,0.8693440154161878,578785030.7124329,-0.09215297145780876,20日新高
KDP,32.0,0.007239519638726488,0.0165184391780564,0.08732584669298293,3,0.9621961394534151,377512640.32078743,-0.06695243348374691,20日新高
RY,201.13,0.010348106107409327,0.016372760135212605,0.08842476427486234,1,0.7001284675347298,266010105.16181946,0.0,20日新高
AVY,161.92,0.013139724367966066,0.016127969670488795,0.03900594259612533,4,0.5553184034979539,112192320.5166626,-0.1705992949195676,20日新高
NNI,130.95,0.02105260778356488,0.015903825824880258,0.02276252720195826,1,1.2509556034803302,17342297.84931183,-0.08977470968464529,20日新高
PPLC,48.95,0.0004087565427943751,0.015770951605905248,0.03096043038912555,4,0.828157296254714,16682958.104877472,-0.05140612671954581,20日新高
EPAC,35.59,0.0059355307555915005,0.015696324848462728,0.05078244094905893,2,0.37139548086749175,14935609.449996948,-0.19290570227988424,20日新高
BLDR,78.74,0.011952195532141774,0.015475843875079054,0.12197203649716215,2,0.4376172595939668,205667339.52251434,-0.4722874182643433,20日新高
CHD,98.42,0.0010170715462924917,0.014325460240498522,0.016945643834821666,3,0.7032280281637908,181633350.19809723,-0.06192938596947306,20日新高
WEC,114.67,0.005877176920572991,0.013881518267071069,0.04673660405804392,3,0.8688656356257541,254836972.13768005,-0.026331689933498548,20日新高
LNN,116.09,0.011236875016032988,0.013443851986952637,0.07371433027049701,1,0.5947869882395701,21453522.703933716,-0.20755040463699326,20日新高
ROK,466.31,0.00591062879626425,0.012682685782806402,0.06863601891200322,4,0.6615455800476356,296956521.29119873,0.0,20日新高
SSD,195.55,0.009863683475158425,0.012163592860434669,0.07445056621844959,2,0.6283396449916543,52347081.59965515,-0.06370588671070376,20日新高
EW,88.58,0.02665743027698908,0.011880293633203198,0.07513050718852132,2,0.9212872593504798,434744815.679512,0.0,20日新高
PNW,103.85,0.005616363415400949,0.011690179546072876,0.040998358563639536,1,0.4526515620486154,122832836.78733826,0.0,20日新高
PCAR,121.04,0.002899979012686016,0.011279124793919015,0.08381089348831039,4,0.8654824050529079,347806154.52659607,-0.062280087359215974,20日新高
DCI,86.79,0.004165227456675247,0.01105664153513497,0.05642297338070623,4,0.4852754418073643,71135578.10966492,-0.21000600078653986,20日新高
AME,231.9,0.006292024159010312,0.010651348114965264,0.029192884131643337,4,0.4728642221688918,268371663.98094177,-0.03783380450432461,20日新高
XYL,112.03,0.009552109100959383,0.01046266802541962,0.03849718016537729,4,0.8582710662963738,200765131.5979004,-0.26008673777172575,20日新高
WTRG,37.91,0.009318382889356824,0.01039443989579536,0.017991357109221617,3,0.8419531531987918,58527921.023197174,-0.08140956636050922,20日新高
TT,475.34,0.0059253983627558515,0.009728920208294412,0.03474789052065441,2,0.7659703344346396,654746400.3448486,-0.03273108567901284,20日新高
BHF,63.38,0.00715081456788802,0.009557220460096882,0.010845299791092167,1,0.642218886855686,30466048.891448975,-0.03984246300564387,20日新高
NDSN,292.9,0.0022584303454844523,0.00954740622153416,0.05831761656797019,4,0.5018901250143365,124420594.12750244,-0.01834188275289228,20日新高
NMRK,15.32,0.018617003569240342,0.008558269784865846,0.07132863569821657,1,1.0114952641806803,18960105.597815514,-0.21144955843350044,20日新高
CACC,574.1,0.0022870469261793147,0.008395925314805597,0.033613566347423296,2,0.94188580267671,82787640.56976318,0.0,20日新高
BNY,144.45,0.013684189110471534,0.00837694204706585,0.05762187005182828,1,0.7783417552419121,484109674.1156006,0.0,20日新高
PNR,75.2,0.01334049152382577,0.008313155027697139,0.024383506291210333,4,0.5623266232770334,167742784.82002258,-0.3268544377204652,20日新高
ALGN,179.52,0.007068382163428533,0.00797303829467566,0.13062102061099345,2,0.5835248700258774,178666285.2332306,-0.1335489060422712,20日新高
IEX,223.81,0.007971556142951197,0.007517773357044177,0.07658266535684355,4,0.7015675587543382,137009125.0628662,0.0,20日新高
DOV,222.63,0.00888207155540277,0.0075123485221479935,0.05855948997420479,2,0.8569868828297715,180970097.4559784,-0.0412403312684364,20日新高
ARR,17.04,0.0,0.007142429562400743,0.05189062295239477,0,1.4783706087616844,50752079.93844032,-0.045130591062636616,20日新高
NVST,24.75,0.0028362922997833273,0.006506703799075364,0.06911448845938706,4,0.3543511650862177,79738841.45366669,-0.18208857194993622,20日新高
HAYW,14.79,0.015099538204311758,0.006122459439160455,0.086700979790022,1,0.7578441741969744,31955734.65473652,-0.14111495054572654,20日新高
SNA,389.39,0.007138633139612605,0.0055001932270299925,0.0783870794347421,1,1.0188757553622418,112403939.98840332,0.0,20日新高
ECPG,82.98,0.003992762552476936,0.004965528201825498,0.027743442561684928,4,0.9945041566663189,23164052.242240906,-0.01694112360070532,20日新高
AIT,324.38,0.025934633427105336,0.004863564747352056,0.06277440398886203,1,1.6070952434753136,68978056.81091309,0.0,20日新高
AN,195.86,0.012772124869427692,0.004410259540264416,0.07650872805406417,2,1.1698989142643206,68251395.17631531,-0.13786421813177818,20日新高
MWA,26.23,0.01706082245402607,0.004211282521771942,0.019828936333486924,1,0.5480272566669471,30179056.650981903,-0.13402000962194816,20日新高
HHH,67.94,0.012669640034479457,0.00384163911137847,0.0694160829032866,4,1.1690731641346976,28672166.610012054,-0.24385082253535528,20日新高
DBRG,15.76,0.00254452679221151,0.0038216828245623002,0.005743468548162101,4,0.7176537734227265,34216284.43626404,0.0,20日新高
MSM,117.28,0.02679038282166557,0.0037658546319516706,0.12058087784833882,1,1.0039195082981878,77729636.49963379,0.0,20日新高
MMSI,67.68,0.011054643513305207,0.0025181182575326755,0.06348210173277402,2,1.1746639097168556,46200167.910289764,-0.2950734423571483,20日新高
NEOG,9.31,0.0010752934061011299,0.002152901813325947,0.08761681813487376,2,0.6218770202350479,23965162.12910652,-0.17828768911664838,20日新高
SILA,30.31,0.0006602360452483413,0.0013214075842027384,0.005640284062039758,3,0.8491235898900471,16940205.88722229,0.0,20日新高
ALH,26.17,0.014341118223829552,0.0007648358721006332,0.09543745269551729,2,0.503362478316483,14302509.977731705,-0.028221322698454232,20日新高
INHD,39.49,0.0,0.0,27.20714453641252,0,0.0,550778559.1062254,-0.9914745246808145,20日新高
