Ticker,最新价,公司主营,市值,1日涨幅,5日涨幅,20日涨幅,连涨天数,成交量倍数,20日平均成交额,距离52周高点,信号
KOD,98.46,"Kodiak Sciences Inc., a clinical stage biopharmaceutical company, engages in the research, development, and commercialization of therapeutics to treat retinal diseases. Its lead product candidate is tarcocimab tedromer (...",6188157440.0,0.038607551844872745,1.9638770459499906,1.6255999755859376,4,1.1729280981868346,249392008.24020386,0.0,5日涨幅>20% / 20日新高
MSGY,5.17,"Masonglory Limited, through its subsidiaries, provides wet trades and other ancillary services in Hong Kong. The company offers plastering on floors, ceilings, and walls; tile laying on internal and external walls and fl...",10958461.0,-0.08657240005796185,1.6243654828478409,1.7647059161020322,0,0.0936793695546671,34259226.091246605,-0.8967651779699413,5日涨幅>20%
IOVA,14.23,"Iovance Biotherapeutics, Inc., a commercial-stage biopharmaceutical company, develops and commercializes cell therapies using autologous tumor infiltrating lymphocyte for the treatment of metastatic melanoma and other so...",6445783040.0,-0.039811077242730586,0.31759252693754614,0.6508120337768877,0,0.8675673581574022,204229540.02122402,-0.039811077242730586,5日涨幅>20%
DNA,12.5,"Ginkgo Bioworks Holdings, Inc., together with its subsidiaries, develops a platform for cell engineering in the United States. It operates through the Cell Engineering and Biosecurity segments. The company offers cell en...",841753472.0,-0.025720960691224315,0.2195121951219512,0.7780938302903369,0,1.5264341574398677,18122835.191540718,-0.22552661259597018,5日涨幅>20%
LIND,33.63,"Lindblad Expeditions Holdings, Inc. provides marine expedition adventures and travel experience worldwide. It operates through Lindblad and Land Experiences segments. The Lindblad segment provides ship-based expeditions...",2206790144.0,0.06999684192103439,0.21936189851867893,0.32453729328667347,6,2.0350111882105644,24293752.633285522,-0.02465192823102813,连续5天上涨 / 5日涨幅>20% / 20日新高
UTHR,571.38,United Therapeutics Corporation engages in the development and commercialization of products to address the unmet medical needs of patients with chronic and life-threatening diseases in the United States and internationa...,24506884096.0,0.054420619382527846,0.21001252667727277,0.16129429218562796,2,1.8906729409660707,449979740.65185547,-0.042529667651122205,5日涨幅>20% / 20日新高
VIAV,44.78,"Viavi Solutions Inc. engages in the provision of test and measurement and optical technologies for military, aerospace, railway and first responder communications in the Americas, the Asia-Pacific, Europe, the Middle Eas...",11049456640.0,0.06822520837966728,0.2027934281464414,0.29797097911005443,12,1.2936220132715752,208997694.3127823,-0.19067418584173057,连续5天上涨 / 5日涨幅>20% / 20日新高
ACN,212.3,"Accenture plc provides strategy and consulting, industry X, song, and technology and operation services in the Americas, Europe, the Middle East, Africa, and the Asia Pacific. It offers systems integration and applicatio...",129915305984.0,0.15776849378264868,0.19666308928158904,0.13118079356763324,3,5.436019028467668,978138511.6918182,-0.24906511574235746,放量大涨 / 20日新高
WOLF,31.17,"Wolfspeed, Inc., a semiconductor company, focuses on silicon carbide materials and devices for power applications in Europe, Hong Kong, Singapore, China, rest of Asia Pacific, Japan, the United States, and internationall...",1649845760.0,0.10806971227241569,0.18517113994326118,0.1696060233569694,1,1.3985134688137324,60729743.563194275,-0.5759183663089259,20日新高
IDT,79.98,"IDT Corporation, together with its subsidiaries, provides fintech and communications solutions in the United States, the United Kingdom, and internationally. It operates in four segments: National Retail Solutions, Finte...",1986598144.0,0.00012507360357383313,0.1805166547148871,0.16013925913203297,4,1.6636116367076632,24074911.13178253,0.0,20日新高
ACLS,136.71,"Axcelis Technologies, Inc. designs, manufactures, and services ion implantation and other processing equipment used in the fabrication of semiconductor chips in the United States, Europe, and the Asia Pacific. The compan...",4221808384.0,0.04215592580305816,0.17711389213294715,0.23417902732620943,5,1.1249947645440965,41111539.50313568,-0.2864822423856973,连续5天上涨 / 20日新高
VECO,53.19,"Veeco Instruments Inc., together with its subsidiaries, develops, manufactures, sells, and supports semiconductor and thin film process equipment primarily to make electronic devices in the United States, Europe, the Mid...",3246370816.0,0.02485543473802876,0.17029697984253578,0.23640162856181401,3,1.097872597789437,30030361.772613525,-0.3594653415187622,20日新高
SNPS,490.54,"Synopsys, Inc. provides design IP solutions in the semiconductor and electronics industries. It operates in two segments, Design Automation and Design IP. The company offers Digital and Custom IC Design solution that pro...",94005436416.0,0.127833737507292,0.15445624795174706,0.17926775273550022,2,3.3189857021870175,807715549.323883,-0.08234807919544485,放量大涨 / 20日新高
PBF,82.34,"PBF Energy Inc., through its subsidiaries, engages in the refining and supplying of petroleum products. It operates through two segments, Refining and Logistics. The company produces gasoline, ultra-low-sulfur diesel, he...",9760323584.0,0.06990641004962583,0.14520159374758923,0.09088490561555962,6,1.0481128365160928,289919814.66594696,0.0,连续5天上涨 / 20日新高
MAT,15.04,"Mattel, Inc., a play and family entertainment company, designs, manufactures, markets, and sells toys, games, and other products in North America, Europe, the Middle East, Africa, Latin America, and the Asia Pacific. The...",4296927744.0,0.18799369219008533,0.14459661863675533,0.027322377674172005,1,7.582735158245466,63215677.98074722,-0.32129963603725253,放量大涨 / 20日新高
ROG,155.8,"Rogers Corporation designs, develops, manufactures, and sells engineered materials and components in the United States, other Americas, China, other Asia Pacific countries, Germany, Europe, the Middle East, and Africa. I...",2783886848.0,0.01836719692594113,0.1439060685953164,0.2558439957906109,3,1.2222136461870947,35547063.94779205,-0.06756833762388803,20日新高
FN,451.44,"Fabrinet provides optical packaging and precision optical, electro-mechanical, and electronic manufacturing services in North America, the Asia-Pacific, Europe, and internationally. The company offers a range of advanced...",16177291264.0,0.0640394421743058,0.1332463576706866,0.14187427715178647,3,1.2605251750364523,305276380.02349854,-0.39523353897789104,20日新高
TRMD,38.8,"TORM plc, a shipping company, owns and operates a fleet of product tankers in the United Kingdom and internationally. It operates in two segments, Tanker and Marine Engineering. The Tanker segment transports refined oil...",3982850048.0,0.01971090709693102,0.13119533819516316,0.23077428509525388,5,0.5658539408201844,72874093.1058979,0.0,连续5天上涨 / 20日新高
RCL,269.99,"Royal Caribbean Cruises Ltd. operates as a cruise company worldwide. The company operates cruises under the Royal Caribbean International, Celebrity Cruises, and Silversea Cruises brands, which comprise a range of itiner...",72209383424.0,0.015534511059839051,0.1297597918705733,0.02256925983221003,3,0.9675159574301735,793863862.534256,-0.21139846437632248,20日新高
ONTO,314.88,"Onto Innovation Inc. engages in the design, development, manufacture, and support of process control tools that perform macro-defect inspection and metrology in the United States, Taiwan, South Korea, Japan, China, South...",19246546944.0,0.02293547329806156,0.1256568566688483,0.2370064863789758,5,0.7930062580614341,225531595.7823944,-0.16797464730809086,连续5天上涨 / 20日新高
LITE,1045.78,"Lumentum Holdings Inc. manufactures and sells optical and photonic products in the Americas, the Asia-Pacific, Europe, the Middle East, and Africa. It offers component products, including semiconductor laser chips, laser...",93806469120.0,0.07672509810141626,0.12565664990801428,0.2012451569847491,1,1.6427288265662061,4250490550.387268,-0.0069414169355829225,20日新高
PARR,86.21,"Par Pacific Holdings, Inc., an energy company, provides renewable and conventional fuels in the United States. The company operates through three segments: Refining, Retail, and Logistics. The Refining segment owns and o...",4319088640.0,0.056236169853385976,0.12296473693097187,0.075473991341932,5,1.0250697538833131,78330360.54981232,-0.003237354448058838,连续5天上涨
VICR,308.59,"Vicor Corporation, together with its subsidiaries, designs, develops, manufactures, and markets modular power components and power systems for converting electrical power for use in electrically powered devices in the Un...",14228076544.0,0.06800717702793402,0.1178366987864381,0.6993777331416804,1,1.6414284512020647,206558432.06092834,-0.18745063634269266,20日新高
AMAT,529.3,"Applied Materials, Inc. provides materials engineering solutions, equipment, services, and software to the semiconductor and related industries in the United States, China, Korea, Taiwan, Japan, Southeast Asia, Europe, a...",420051124224.0,0.0350424004439962,0.11607799218338166,0.20717967000005633,1,0.9565414406887665,2909184834.058838,-0.26712867486708125,20日新高
EFOR,36.19,"Everforth, Inc. provides information technology solutions for commercial and government sectors in the United States, Canada, and Europe. It operates through two segments: Commercial and Federal Government. The Commercia...",1483789952.0,0.09999990724140817,0.11594197613785129,0.1719559459279001,1,1.7644288405548896,22765439.813337326,-0.32075826847106814,20日新高
PDFS,53.39,"PDF Solutions, Inc. provides proprietary software, physical intellectual property for integrated circuit designs, electrical measurement hardware tools, proven methodologies, and professional services in the United State...",2254511104.0,0.045837417973732864,0.11507932745645832,0.2696789621483142,5,0.8306788978617586,27812860.67287445,-0.24579744739150478,连续5天上涨 / 20日新高
MTRN,285.14,"Materion Corporation, together with its subsidiaries, produces advanced engineered materials in the United States, Asia, Europe, and internationally. The company operates in four segments: Performance Materials, Electron...",5940528128.0,0.05768024971912267,0.11321932670224788,0.19821831821560987,3,1.5763668068519847,61418551.00074768,-0.040624434625161965,20日新高
TSEM,241.3,"Tower Semiconductor Ltd., an independent semiconductor foundry, provides technology, development, and process platforms for integrated circuits in the United States, Japan, rest of Asia, and Europe. The company provides...",27274438656.0,0.06098584541463414,0.11054862116811481,0.1667714612461726,1,1.0797430152151062,421468383.65005493,-0.23844090767375736,20日新高
LRCX,340.1,"Lam Research Corporation designs, manufactures, markets, refurbishes, and services semiconductor processing equipment used in the fabrication of integrated circuits in the United States, China, Korea, Taiwan, Japan, Sout...",425609428992.0,0.03528049676830092,0.10724053277991819,0.18084524061301743,3,0.9284098103590596,2789032859.2807007,-0.21431402025156143,20日新高
ICHR,62.48,"Ichor Holdings, Ltd. engages in the design, engineering, and manufacture of fluid delivery subsystems and components for semiconductor capital equipment in Singapore, the United States, Europe, and internationally. The c...",2340140032.0,0.010022614383566886,0.10642815993653287,0.1871555818775863,5,1.0004716509211486,39251470.442905426,-0.4435340201147481,连续5天上涨 / 20日新高
COHU,70.34,"Cohu, Inc., through its subsidiaries, provides semiconductor test equipment and services in the United States, Taiwan, China, Malaysia, the Philippines, Singapore, and internationally. It supplies test and inspection met...",3329785088.0,0.03228642453695718,0.10423854780884567,0.5374862587517077,2,1.1954036909754289,56520613.54595184,-0.048302085608594614,20日新高
P,134.13,"Everpure, Inc. provides data storage and management technologies, products, and services in the United States and internationally. Its Purity software is shared across its products and provides enterprise-class data serv...",44695773184.0,0.02561558445316292,0.10050876194166469,0.4511522713399976,6,0.6117415490172315,812440664.5431519,0.0,连续5天上涨 / 20日新高
KSS,18.92,"Kohl's Corporation operates as an omnichannel retailer in the United States. It offers apparel, footwear, accessories, beauty products, and home products through its stores and website. The company provides its products...",2145082368.0,0.02491879819258558,0.09744781481901477,-0.008436090521688366,6,1.1322586733133326,67918898.8968277,-0.2111485117633919,连续5天上涨
ACMR,83.58,"ACM Research, Inc., together with its subsidiaries, develops, manufactures, and sells capital equipment in Mainland China and internationally. It also develops, manufactures, and sells a range of packaging tools to wafer...",5821280256.0,0.032872018318089946,0.09713837616480214,0.19570815460012647,2,1.319943537747599,79963077.6921463,-0.3413192352976474,20日新高
SYNA,106.15,"Synaptics Incorporated develops, markets, and sells semiconductor products worldwide. The company provides edge AI processors, wireless connectivity, touch controllers, biometrics, voice, audio, and multimedia products f...",4213349632.0,0.046844180754649356,0.09636440673892555,0.1058443992938578,3,1.6563154102185773,56015163.78311157,-0.2806803804470782,20日新高
VPG,75.09,"Vishay Precision Group, Inc. engages in the precision measurement and sensing technologies business in the United States, Europe, Israel, Asia, and Canada. It operates through three segments: Sensors, Weighing Solutions,...",998772032.0,0.032306826273521105,0.09508526574426313,0.223960850945504,3,1.048319262282314,21101952.600708008,-0.49909949634088324,20日新高
ON,80.08,"ON Semiconductor Corporation provides intelligent sensing and power solutions in Hong Kong, Singapore, the United Kingdom, the United States, and internationally. It operates through three segments: Power Solutions Group...",31176636416.0,0.0417588001792466,0.09473684430100926,0.10699482837974594,3,0.9490443465512464,827204512.101593,-0.4020756648220465,20日新高
TDAY,7.06,"USA TODAY Co., Inc. operates as a media and digital marketing solutions company in the United States. It operates through three segments: Domestic Gannett Media, Newsquest, and Digital Marketing Solutions. The company's...",1036534592.0,0.12241653189130908,0.09457366690742641,0.12063487762466685,1,3.3610912187663304,13179838.831887245,-0.21816166649469548,放量大涨 / 20日新高
DOCS,28.5,"Doximity, Inc. operates a digital platform for medical professionals in the United States. Its Doximity platform includes a personalized newsfeed that presents clinical and professional content to members, which offers m...",5080010752.0,0.00564572500178695,0.09447000760302537,0.08282676027555103,3,1.1510300557839208,76009178.12832832,-0.612403094340531,20日新高
EFXT,25.44,"Enerflex Ltd. offers modular natural gas, power technology, and treated water solutions in North America, Latin America, and the Eastern Hemisphere. The company's portfolio includes compression, processing, cryogenic, tr...",3106297344.0,0.11627904835777203,0.09419357135731676,0.19324582074143248,2,3.914266752661638,12114459.500980377,-0.10163704428135745,放量大涨 / 20日新高
INSW,114.6,"International Seaways, Inc. owns and operates a fleet of oceangoing vessels for the transportation of crude oil and petroleum products in the international flag trade. The company operates in two segments: Crude Tankers...",5676288512.0,0.04049390874512593,0.09298998704712891,0.18996237254280146,1,0.7593735760965227,84450891.46442413,0.0,20日新高
NTAP,215.05,"NetApp, Inc. develops enterprise software, systems, and services to transform data infrastructures in the United States, Canada, Latin America, Europe, the Middle East, Africa, and the Asia Pacific. It operates through t...",42239909888.0,0.023657659831419764,0.09029607109401039,0.18963322436851437,7,0.8870366208991977,512953161.7339325,0.0,连续5天上涨 / 20日新高
CDNS,350.73,"Cadence Design Systems, Inc. develops computational, AI-driven software, hardware, and silicon intellectual property products and solutions. The company offers functional verification services, such as Jasper, a formal v...",96588587008.0,0.06220663373527424,0.08922363660350352,0.1436723371356825,2,1.185407920527602,826984259.8606873,-0.1576887085477946,20日新高
DHT,23.56,"DHT Holdings, Inc., through its subsidiaries, owns and operates crude oil tankers primarily in Monaco, Singapore, Norway, and India. The company also offers technical management services. As of December 15, 2025, it had...",3798710016.0,0.04386352611892996,0.08671582722799953,0.1738913714093473,6,1.1107655830190815,91797738.6429882,0.0,连续5天上涨 / 20日新高
KLIC,96.03,"Kulicke and Soffa Industries, Inc. designs, manufactures, and sells capital equipment and consumables in China, the United States, Taiwan, Malaysia, Japan, the Philippines, Korea, Hong Kong, and internationally. It opera...",5025164800.0,0.018885928692805143,0.08545266705415866,0.21948207556154564,5,1.0027986013704422,63714288.26713562,-0.28048641481835646,连续5天上涨 / 20日新高
EXPO,69.9,"Exponent, Inc., together with its subsidiaries, operates as a science and engineering consulting company in the United States and internationally. The company operates in two segments, Engineering and Other Scientific, a...",3323471360.0,0.06848064020674705,0.08439346135077219,0.0025805530997879966,4,1.702899859160016,37067295.454330444,-0.11174102359361848,20日新高
UI,609.64,"Ubiquiti Inc. engages in the development of networking technology for service providers, enterprises, and consumers in North America, Europe, the Middle East, Africa, Asia Pacific, South America. The company develops tec...",36900524032.0,0.07419869113134592,0.08263044610694514,0.01883453318718442,3,0.7382087099424816,86005035.84259033,-0.4361975638788641,20日新高
CRAI,175.77,"CRA International, Inc., together with its subsidiaries, provides economic, financial, and management consulting services worldwide. It advises clients on economic and financial matters pertaining to litigation and regul...",1103283712.0,0.07078897842240761,0.08119577015160617,0.028015023187594856,1,1.8072902392232097,21121437.992782593,-0.20472930519064003,20日新高
IPGP,83.66,"IPG Photonics Corporation develops, manufactures, and sells fiber lasers, fiber amplifiers, diode lasers, and laser-based systems used in materials processing, medical, and advanced applications. The company offers laser...",3558439680.0,0.06872770780159199,0.08059940119795894,0.0938807530076402,1,1.0968318158136303,31230123.76373291,-0.45643556837426436,20日新高
BURL,275.32,"Burlington Stores, Inc. operates as a retailer of branded merchandise in the United States and Puerto Rico. The company offers fashion-focused merchandise, including women's ready-to-wear apparel, menswear, youth apparel...",17294280704.0,0.030427803467666825,0.08040656651860156,0.07099233469497257,1,1.1467573019425792,407642163.1943512,-0.26027027722873264,20日新高
ASC,19.25,"Ardmore Shipping Corporation engages in the seaborne transportation of petroleum products and chemicals worldwide. The company's fleet consists of 26 vessels, including 25 owned Eco-design vessels and one chartered-in ve...",786398528.0,0.031618443591237,0.07964105902243834,0.06530162286133123,6,1.1799164572550715,11037750.965862274,0.0,连续5天上涨 / 20日新高
CDNA,66.23,"CareDx, Inc. provides solutions for improving outcomes for transplant patients and advancing organ health in the United States and internationally. The company provides AlloSure Kidney, a donor-derived cell-free DNA (dd-...",3426357760.0,0.018923128568209213,0.0791918610010569,0.33528236682283863,2,1.5221677427577938,70553008.32351685,0.0,20日新高
LPTH,10.85,"LightPath Technologies, Inc. designs, develops, manufactures, and distributes optical systems and assemblies in the United States, the United Kingdom, Israel, China, Rest of Europe, Rest of Asia and internationally. It o...",759893376.0,0.05237632782493162,0.07852881997028072,0.1373166063789215,3,0.9474160720815928,30455554.776177406,-0.4022038231674452,20日新高
CGNX,62.22,"Cognex Corporation provides machine vision products that capture and analyze visual information to automate manufacturing and distribution tasks in the United States, Europe, Greater China, and internationally. Its machi...",10466887680.0,0.02588622679843322,0.0783362287347984,0.03803808218604443,5,1.1163505928240733,91418992.4760437,-0.1396390879180549,连续5天上涨
AXTI,81.81,"AXT, Inc. designs, develops, manufactures, and distributes compound and single element semiconductor substrates. The company provides indium phosphide for use in data center connectivity using light/lasers, high-speed da...",5364544512.0,0.05684011998875649,0.07786555881293067,0.4365232039089293,1,1.0421027510122853,606299441.0798073,-0.41908686718092714,20日新高
VSH,34.27,"Vishay Intertechnology, Inc. manufactures and sells discrete semiconductors and passive electronic components in the United States, Germany, rest of Europe, Israel, and Asia. The company operates through six segments: Me...",5256304128.0,0.052841820614999424,0.07767299622524892,0.12311282028907189,3,1.4227100360364604,101326674.6710968,-0.4702853156881174,20日新高
DDOG,276.46,"Datadog, Inc. operates an observability and security platform for cloud applications in the United States and internationally. The company's products comprise infrastructure and application performance monitoring, log ma...",99269869568.0,0.009530711314192697,0.076054713553251,0.3213210204099344,2,0.8095533797710791,856891481.3392639,-0.04056915734520472,20日新高
FRO,51.54,"Frontline plc, a shipping company, engages in the ownership and operation of oil and product tankers worldwide. The company owns and operates oil and product tankers, such as very large crude carriers (VLCCs), Suezmax ta...",11473984512.0,0.0460726697112499,0.07442150519027835,0.21118403129540786,4,0.8819589010037718,185476979.50803757,0.0,20日新高
TNK,101.01,"Teekay Tankers Ltd., together with its subsidiaries, provides marine transportation services to oil industries in Bermuda and internationally. The company operates in two segments: Tankers and Marine Servies. It offers v...",3503038208.0,0.04069652459296802,0.07366071609586511,0.1130578747793991,4,0.6605703868196232,49931288.82102966,0.0,20日新高
TER,415.79,"Teradyne, Inc. engages in the design, development, manufacture, and sale of automated test systems and robotics products in the United States, Asia Pacific, Europe, the Middle East, and Africa. The company operates throu...",65004920832.0,0.03711557393652254,0.07245291579431412,0.2175801119330225,1,0.6928717432919114,908545519.2243958,-0.14031553128360552,20日新高
RXO,21.36,"RXO, Inc. engages in truck brokerage business in the United States, Canada, Mexico, Asia, and Europe. It offers truckload freight brokering services. The company also provides asset-light managed transportation and last...",3522822144.0,0.04398834634171256,0.07175114316503106,0.07933297737204192,1,1.0502304804448035,35692238.88490677,-0.2709897212784209,20日新高
SCSC,62.22,"ScanSource, Inc. engages in the distribution of technology products and solutions in the United States, Brazil, and internationally. It operates through two segments: Specialty Technology Solutions, and Intelisys & Advis...",1253285760.0,0.05942451397359405,0.07146549935747282,0.0985169825421024,3,2.5063996814380793,15168345.67993164,0.0,20日新高
BWLP,25.77,"BW LPG Limited, an investment holding company, engages in ship owning and chartering activities worldwide. It operates through Shipping and Product Services segments. The company engages in the transportation of liquefie...",3912262400.0,0.028742564576126117,0.07107236200241163,0.10036553152251271,5,0.5888871299667564,10892369.90682602,-0.014154511879265308,连续5天上涨
KLAC,200.33,"KLA Corporation, together with its subsidiaries, provides process control and process-enabling solutions for manufacturing wafers, reticles/masks, chemicals/materials, integrated circuits (ICs), packaged ICs, and printed...",261431951360.0,0.027702300098348953,0.07065363250269674,0.16295140032124422,1,0.923273407492181,1706138787.4917603,-0.33526750810180295,20日新高
ENS,189.59,"EnerSys engages in the provision of stored energy solutions for industrial applications worldwide. It operates through three segments: Network & Infrastructure Solutions, Industrial Mobility Solutions, and Precision Powe...",6837605888.0,0.03301911185582895,0.07034376509683682,0.05453857524153016,3,1.570475282582051,98052093.91296387,-0.2187024657118024,20日新高
AVPT,14.08,"AvePoint, Inc. provides cloud-native data management software platform in North America, Europe, the Middle East, Africa, and the Asia Pacific. It also provides platform-as-a-service architecture to address critical oper...",2978841088.0,0.0,0.0699088211976584,0.054681612088161025,0,2.2137438709965873,26906954.438495636,-0.0767213164782915,20日新高
SMTC,186.59,"Semtech Corporation provides semiconductor, Internet of Things systems, and cloud connectivity service solutions in the Asia- Pacific, North America, and Europe. The company operates in three segments: Signal Integrity,...",17413627904.0,0.04620123326260184,0.06928364663547626,0.39402306932722486,1,1.0339745863245564,550021732.2187805,0.0,20日新高
HURN,168.42,"Huron Consulting Group Inc. provides global professional services in the United States and internationally. It operates through three segments: Healthcare, Education, and Commercial. The company offers financial and oper...",2679574272.0,0.0739016527614147,0.06824809245784569,0.07520428259191725,2,2.649533425118556,35735466.68525696,-0.09246687947406762,20日新高
ENTG,158.48,"Entegris, Inc. provides advanced materials and process solutions for the semiconductor and other high-technology industries in North America, Taiwan, South Korea, Japan, China, Europe, and Southeast Asia. It operates in...",24215742464.0,0.028690109301502842,0.06627188670613848,0.20691492402793932,1,0.822681571223381,282770437.6288605,-0.13796607986210307,20日新高
HNGE,97.94,"Hinge Health, Inc. focuses on building a health system that scales and automates the delivery of care using technology. It designs its platform to address musculoskeletal system care (MSK), including acute injury, chroni...",7903211520.0,0.007198730903073436,0.06479668261529126,0.06630380041869044,3,0.7568787106811481,174016638.70658875,0.0,20日新高
MSM,128.5,"MSC Industrial Direct Co., Inc., together with its subsidiaries, engages in the distribution of metalworking and maintenance, repair, and operations (MRO) products and services in the United States, Canada, Mexico, the U...",,0.03863561859145048,0.06435845628277437,0.10328838888308067,1,1.7384950486781396,87023701.70211792,0.0,20日新高
CVCO,577.2,"Cavco Industries, Inc. designs, produces, and retails factory-built homes primarily in the United States. It operates in two segments: Factory-Built Housing and Financial Services. The company produces park model RVs; va...",4438322688.0,0.030235965705445844,0.06257246527032212,0.02732052556393838,2,0.8188573862829555,57725089.230041504,-0.17278146622230384,20日新高
ATEN,27.6,"A10 Networks, Inc. provides secure application and network infrastructure solutions in the United States, the rest of Americas, Japan, rest of the Asia Pacific, Europe, the Middle East, and Africa. The company offers sec...",2004009088.0,0.018074502400824866,0.061946926684497416,0.11470113595859788,3,0.8993471652779144,30254084.803934097,-0.274191317149979,20日新高
STNG,85.79,"Scorpio Tankers Inc., together with its subsidiaries, engages in the seaborne transportation of crude oil and refined petroleum products worldwide. As of March 19, 2026, its fleet consisted of 90 wholly owned tankers, in...",4296479232.0,0.024970179731040654,0.05965911420052161,0.053672351324724143,5,2.7709659985431303,89321525.34877777,-0.02344903351592642,连续5天上涨
CVI,54.36,"CVR Energy, Inc., together with its subsidiaries, engages in renewable fuels and petroleum refining and marketing, and nitrogen fertilizer manufacturing activities in the United States. It operates through three segments...",5464843264.0,0.06609136734560894,0.05964915046393182,0.26654247272740195,2,0.7938785663477392,60729108.81696701,0.0,20日新高
MTSI,301.63,"MACOM Technology Solutions Holdings, Inc., together with its subsidiaries, provides analog semiconductor solutions for use in wireless and wireline applications across the radio frequency (RF), microwave, millimeter wave...",23035762688.0,0.059019721670951375,0.05857374288763939,0.17110579182309937,3,0.8919243151308996,355945545.72494507,-0.2637424080371896,20日新高
AEIS,294.11,"Advanced Energy Industries, Inc. provides precision power conversion, measurement, and control solutions in the United States, Asia, Europe, and internationally. The company's plasma power products offer solutions to ena...",11779234816.0,0.04360931696806314,0.057835437337213635,0.09664783427495283,1,0.8741532425615801,139721070.6112671,-0.24353208043363916,20日新高
CIEN,379.14,"Ciena Corporation, a network technology company, provides hardware, software, and services for various network operators in the Americas, Europe, the Middle East, Africa, the Asia Pacific, Japan, and India. It operates t...",53765287936.0,0.07765336466223793,0.05777982422187966,0.07053312267909462,1,0.8875467257372283,987910165.570221,-0.39531098142194976,20日新高
ADI,404.6,"Analog Devices, Inc. engages in the design, manufacture, testing, and marketing of integrated circuits (ICs), software, and subsystems products in the United States, rest of North and South America, Europe, Japan, China,...",196055187456.0,0.01988862095330135,0.057473724141693605,0.13744346749565994,1,0.9594668212464207,1231156314.677124,-0.08899902007462435,20日新高
AOSL,28.84,"Alpha and Omega Semiconductor Limited designs, develops, and supplies power semiconductor products for computing, consumer electronics, communication, and industrial applications in Hong Kong, China, South Korea, the Uni...",873998272.0,0.04872727827592338,0.056023460877526965,0.17140532776220208,1,0.8387440512204593,14351040.157270432,-0.45911477273719126,20日新高
SITM,678.87,"SiTime Corporation engages in the design, development, and sale of silicon timing systems solutions in Hong Kong, Taiwan, the United States, Singapore, and internationally. It offers various types of oscillators, as well...",20335902720.0,0.04116369586421609,0.055391464187153794,0.19347066976538674,2,0.8837662200207447,288341559.27978516,-0.2469383571178254,20日新高
LSCC,128.86,"Lattice Semiconductor Corporation, together with its subsidiaries, develops and sells semiconductor, silicon-based and silicon-enabling, evaluation boards, and development hardware products in Asia, Europe, and the Ameri...",18302021632.0,0.025792053756802602,0.05432825497733407,0.13154200665810079,3,0.9262563490561919,199474094.42676544,-0.17009082846269696,20日新高
NVMI,386.6,"Nova Ltd. engages in the design, development, production, and sale of process control systems used in the manufacture of semiconductors in Taiwan, the United States, China, Korea, and internationally. The company's produ...",12296261632.0,0.0036344596368598214,0.05398042249042412,0.1058352384268677,6,0.28557310569271926,210769671.96136475,-0.36167755218447706,连续5天上涨 / 20日新高
URBN,78.77,"Urban Outfitters, Inc. offers lifestyle products and services in the United States and internationally. The company operates through three segments: Retail, Wholesale, and Subscription. It operates Urban Outfitters store...",6747452416.0,0.03129090698601056,0.05335648474059851,0.000253925626240159,5,1.3406619787342582,76558208.21754456,-0.05039180782350061,连续5天上涨
VCTR,111.74,"Victory Capital Holdings, Inc., together with its subsidiaries, operates as an asset management company in the United States and internationally. It offers specialized investment strategies to institutions, intermediarie...",6873079296.0,0.01030740872853797,0.053157393692367494,0.0078270796518638,5,0.9501102223761414,81286245.56903839,-0.0733781380284585,连续5天上涨
ESI,36.33,"Element Solutions Inc operates as a specialty chemicals technology company in the United States, China, and internationally. The company operates in two segments: MacDermid Alpha Electronics Solutions and Element Special...",8853291008.0,0.0013782539537003924,0.05304353133491846,0.05518447601039611,3,0.5493033052144417,158547900.3107834,-0.2582610690825521,20日新高
PRSU,50.95,"Pursuit Attractions and Hospitality, Inc., an attraction and hospitality company, owns and operates a collection of travel experiences in iconic destinations in the United States, Canada, Iceland, and Costa Rica. It oper...",1398540032.0,0.02453250013941699,0.05181672599896592,0.059471836167121594,1,1.2430032812198417,11378983.313407898,-0.08969091206499369,20日新高
BB,9.18,"BlackBerry Limited provides intelligent software and services to enterprises and governments worldwide. The company operates through three segments: Secure Communications, QNX, and Licensing. The company offers BlackBerr...",5388956160.0,0.015486763707248663,0.051546481848288694,0.20630750908230655,2,1.2022437215455513,142566497.2197175,-0.2833723649908776,20日新高
MKSI,271.24,"MKS Inc. provides foundational technology solutions to semiconductor manufacturing, electronics and packaging, and specialty industrial applications in the United States, China, South Korea, Japan, Taiwan, Singapore, and...",18340585472.0,0.02215859665134645,0.051399250652600426,0.07900383867372729,1,1.0558738858986458,323477533.3518982,-0.3896307035810401,20日新高
CERT,9.34,"Certara, Inc., together with its subsidiaries, provides technology-driven services and software products for biosimulation in drug discovery, preclinical and clinical research, regulatory submissions, and market access i...",1424712320.0,0.015217428937526867,0.050618649256085835,0.12801937847844935,1,1.5106529694319721,21610767.479002476,-0.31323530216118023,20日新高
Q,128.45,"Qnity Electronics, Inc. provides materials and solutions to the semiconductor and electronics industries in the United States, rest of Americas, Europe, the Middle East, Africa, Asia Pacific, China, South Korea, Taiwan,...",26872836096.0,0.021552402819417393,0.05020030669779896,0.09142658070886656,5,0.8419461526536096,187263599.18209076,-0.268187771524963,连续5天上涨 / 20日新高
TT,458.94,"Trane Technologies plc designs, manufactures, sells, and services of solutions for heating, ventilation, air conditioning, and custom and transport refrigeration. It offers air conditioners, exchangers, and handlers; air...",100977442816.0,0.01539889217642565,0.04651797669309965,0.04784524003376012,1,0.970619490878946,498234292.6585388,-0.0862729803450103,20日新高
KEYS,373.88,"Keysight Technologies, Inc. provides electronic design and test solutions worldwide. The company operates through Communications Solutions Group and Electronic Industrial Solutions Group segments. It offers electronic de...",63651106816.0,0.027029986009563522,0.04570116895278198,0.16263455592499687,3,1.2728870953241902,338068811.8080139,0.0,20日新高
AMPL,14.3,"Amplitude, Inc., together with its subsidiaries, provides an AI analytics platform that helps analyze customer behavior within digital products in the United States and internationally. It offers Amplitude Analytics, whi...",1896455296.0,0.03249096006287511,0.044558117534615915,0.07599700765845685,3,0.8803580406466199,21515168.340792656,0.0,20日新高
JCI,151.77,"Johnson Controls International plc, together with its subsidiaries, engages in engineering, manufacturing, commissioning, and retrofitting building products and systems in the Americas, Europe, the Middle East, Africa, a...",91933384704.0,0.020988970764097337,0.04409743832687418,0.09296151569418121,1,0.8181204737977322,477068224.03556824,-0.016574688877911803,20日新高
STX,945.57,"Seagate Technology Holdings plc engages in providing data storage solutions in Singapore, the United States, the Netherlands, and internationally. The company offers External and internal hard drives; external and intern...",215016013824.0,0.025185918199764012,0.043767689378803265,0.17041586799176933,2,0.657415467866593,3250616037.430725,-0.13439849088432587,20日新高
MRAM,18.65,"Everspin Technologies, Inc. manufactures and sells magnetoresistive random access memory (MRAM) technologies in the United States, Japan, Hong Kong, Germany, Singapore, Canada, and internationally. It offers Toggle MRAM,...",454127648.0,0.011388236355243109,0.04306490458082646,0.17295597899229365,1,0.6640057004153657,14321223.69904995,-0.5762326668982124,20日新高
NTNX,71.52,"Nutanix, Inc. provides a cloud and artificial intelligence platform (AI) in North America, Europe, the Asia Pacific, the Middle East, Latin America, and Africa. It offers hyperconverged infrastructure software (HCI); Nut...",19351177216.0,0.01576470562739596,0.04271760404741687,0.06985786500433733,4,1.0236058049738501,159626057.6171112,-0.07020282962069846,20日新高
ARHS,9.87,"Arhaus, Inc. operates as a premium retailer in the home furnishings market in the United States. The company offers bedroom, dining room, and living room, as well as home office furnishings, including sofas, dining table...",1397000448.0,0.042238606890321995,0.042238606890321995,0.17081844937765678,2,1.8123317158050265,11476999.6728611,-0.12750220075134944,20日新高
PD,15.58,"PagerDuty, Inc. engages in the operation of a digital operations management platform in the United States and internationally. The company collects data and digital signals from virtually any software-enabled system or d...",1225364992.0,0.03178804835166549,0.04214047641997154,0.13144512750701365,4,1.0561510299501566,24390504.79244232,-0.054037609396060615,20日新高
NPK,150.12,"National Presto Industries, Inc. provides houseware and small appliance, defense, and safety products in North America. The company's Housewares/Small Appliance segment designs, markets, and distributes housewares and sm...",1071266368.0,0.0132288836840746,0.0417764660561315,0.03752845797331572,5,1.0215314164942098,16913763.44520569,-0.04260209059030007,连续5天上涨
OLLI,87.91,"Ollie's Bargain Outlet Holdings, Inc. operates as a retailer of closeout merchandise and excess inventory in the United States. The company offers health and beauty aids, food, candy, beverages, pet food and treats, laun...",5222065664.0,0.02638648098036067,0.041094281387675125,0.19006363061462017,1,0.7483318982737102,157401613.86314392,-0.3382762542471347,20日新高
KN,38.23,"Knowles Corporation offers capacitors, radio frequency (RF) and microwave filters, balanced armature speakers, and medtech microphones in Asia, the United States, Europe, rest of Americas, and internationally. It operate...",3265236736.0,0.02907127784651875,0.039989153640467734,0.10908030717663286,1,1.1083520077524074,23691932.7236557,-0.10677569570765444,20日新高
CNXN,92.57,"PC Connection, Inc., together with its subsidiaries, provides various information technology (IT) solutions worldwide. It operates in three segments: Connection Enterprise Solutions, Connection Business Solutions, and Co...",2336290816.0,0.025933683373966288,0.03987871473408244,0.14326291588538487,2,1.297301106335001,12264435.592651367,0.0,20日新高
NXPI,239.19,"NXP Semiconductors N.V. provides semiconductor products in the United States, Germany, Japan, South Korea, Taiwan, Singapore, the Netherlands, Mainland China, Hong Kong, and internationally. The company's product portfol...",60315148288.0,0.006988606368207861,0.03923357071436939,0.05149379939162424,3,0.6626706394988776,823930563.277359,-0.2753138346119103,20日新高
BIP,35.79,"Brookfield Infrastructure Partners L.P. engages in the utilities, transport, midstream, and data businesses. The company provides transmission of energy and natural gas, and distribution; transport infrastructure includi...",28339415040.0,0.006751102211462134,0.0391986742929602,-0.013777899900412116,5,2.009416646716144,29189885.984420776,-0.15010366286320387,连续5天上涨
STM,53.5,"STMicroelectronics N.V., together with its subsidiaries, designs, develops, manufactures, and sells semiconductor products in Europe, the Middle East, Africa, the Americas, and the Asia Pacific. The company operates thro...",47718154240.0,0.002623676687538934,0.037223693307225636,0.05686107970603804,5,0.9669453788550566,425705935.2997017,-0.3285715243208256,连续5天上涨 / 20日新高
FROG,97.59,"JFrog Ltd. provides software supply chain platform in the United States, Israel, India, and internationally. The company offers JFrog Artifactory, a package repository that allows teams and organizations to store, update...",12032974848.0,0.005667718643593611,0.03598725583304496,0.06388305643198366,3,1.2253710890268197,158032622.47917175,-0.06190524384287388,20日新高
MRVL,268.08,"Marvell Technology, Inc., together with its subsidiaries, provides data infrastructure semiconductor solutions and spanning the data center core to network edge in the United States, Argentina, China, India, Israel, Japa...",240924721152.0,0.01464742152964904,0.03525767111350797,0.29833394091121024,3,1.0759198314687128,4216967542.1956635,-0.15258945376526312,20日新高
LFUS,435.55,"Littelfuse, Inc. designs, manufactures, and sells electronic components, modules, and subassemblies. It operates through three segments: Electronics, Transportation, and Industrial. Its Electronics segment offers fuses a...",11062424576.0,0.027870859089937472,0.03416749930129703,0.060971449500996755,1,0.7150743992849256,78687151.0609436,-0.10776632847217826,20日新高
PUBM,19.18,"PubMatic, Inc., a technology company, engages in the provision of a cloud infrastructure platform that enables real time programmatic advertising transactions for digital content creators, advertisers, agencies, agency t...",873650176.0,0.024025668656568744,0.03396232312810943,0.1035673896045104,1,1.01557812995032,13041722.201595306,0.0,20日新高
GEV,987.45,"GE Vernova Inc., an energy company, engages in the provision of various products and services that generate, transfer, orchestrate, convert, and store electricity in the United States, Europe, Asia, the Middle East, and...",262991101952.0,0.03888523009436695,0.03393578795165331,0.07105669522110625,1,1.3993157844721087,1966657974.5877075,-0.15951685773726565,20日新高
RL,362.66,"Ralph Lauren Corporation designs, markets, and distributes lifestyle products in North America, Europe, Asia, and internationally. The company offers apparel, including a range of men's, women's, and children's clothing;...",21608095744.0,0.021376055936372262,0.033631701542492065,0.080813224516316,1,0.8836469690595207,240192183.35601807,-0.11989704174615778,20日新高
PLXS,270.27,"Plexus Corp. provides electronic manufacturing services in the United States, the Asia-Pacific, Europe, the Middle East, and Africa. The company offers design, develop, supply chain, new product introduction, and manufac...",7203262976.0,0.03571556378869367,0.0331027259929384,0.12946632369408984,1,0.9120123853533814,53731388.103027344,-0.1104272842530225,20日新高
SHOO,45.69,"Steven Madden, Ltd. designs, sources, and markets fashion-forward branded and private label footwear, accessories, and apparel in the United States and internationally. It operates through Wholesale Footwear, Wholesale A...",3343461376.0,0.020549433985671772,0.0330092493688241,0.09364226378350171,1,0.9692926437095181,51971938.15162659,-0.06415243208374044,20日新高
BHE,84.62,"Benchmark Electronics, Inc., together with its subsidiaries, offers product design, engineering services, technology solutions, and manufacturing services in the Americas, Asia, and Europe. It provides design and enginee...",3039544832.0,0.020624761897750865,0.03216761832298487,0.20034789734549974,1,1.1525533855630943,31139876.028900146,-0.14064483367480074,20日新高
APH,85.67,"Amphenol Corporation, together with its subsidiaries, designs, manufactures, and markets electrical, electronic, and fiber optic connectors in the United States, China, and internationally. It operates through three segm...",211259375616.0,0.01625142428934856,0.03117472653837261,0.0719998564167168,1,0.9636585170106741,1001420794.165535,-0.026737014031047113,20日新高
NEU,921.14,"NewMarket Corporation, through its subsidiaries, primarily engages in the manufacture and sale of petroleum additives. It offers lubricant additives for use in various vehicle and industrial applications, including engin...",8471177728.0,0.026316956283073845,0.03116537247946427,0.016651931953920007,1,1.0414151925078043,106729880.14526367,-0.039120547094143365,20日新高
PWR,662.6,"Quanta Services, Inc. offers infrastructure solutions for the electric and gas utility, power generation, load center, manufacturing, communications, pipeline, and energy industries. The company's Electric Infrastructure...",99617529856.0,0.031444505610502604,0.02985770539285526,0.08502797565332076,1,1.1026435155830854,519088163.52020264,-0.15590817501159493,20日新高
DIOD,97.49,"Diodes Incorporated, together with its subsidiaries, provides semiconductor products in Asia, the Americas, and Europe. The company offers MOSFET and SiC MOSFET discrete semiconductor products; data line protection, powe...",4489580544.0,0.007232120483737781,0.02902681087194381,0.08286125942043387,1,0.6799248324305855,46154658.74919891,-0.20584884190876807,20日新高
OKTA,212.63,"Okta, Inc. operates as an identity partner in the United States and internationally. It offers Single Sign-on to secure access to cloud and on-premises applications from any device; Adaptive MFA for a risk-based layer of...",37172174848.0,0.016833266042689088,0.02898763797356141,0.3032792696132265,4,0.7964562990711307,750323561.2217712,0.0,20日新高
S,24.67,"SentinelOne, Inc. operates as a cybersecurity provider in the United States and internationally. The company's Singularity Platform delivers an artificial intelligence-powered autonomous threat prevention, detection, and...",8586371584.0,0.03829965650867062,0.028774001135500882,0.2535568950070499,4,0.9934532853022902,199479871.22833252,0.0,20日新高
NVDA,230.86,"NVIDIA Corporation operates as a data center scale AI infrastructure company in the United States, Taiwan, China, Hong Kong, Europe, and internationally. It operates through Compute & Networking, and Graphics segments. T...",5574576046080.0,0.010859075551783226,0.027963303624964464,0.02989313635155688,2,0.8715526222783195,25212234521.3134,-0.018462363074521315,20日新高
WCC,371.28,"WESCO International, Inc. provides business-to-business distribution, logistics services, and supply chain solutions in the United States, Canada, and internationally. It operates through three segments: Electrical & Ele...",18093535232.0,0.032509253762503576,0.027537189208737933,0.11704751947494252,1,1.088643141917168,171214237.3701477,-0.006093528045636676,20日新高
NTCT,40.33,"NetScout Systems, Inc. provides carrier service assurance, cybersecurity, and Distributed Denial-of-Service (DDoS) solutions to protect digital business services against disruptions. It offers nGeniusONE management softw...",2932285952.0,0.0037332385450377092,0.02751597021795371,0.07575353495433701,2,0.7351409669516225,25644984.289855957,-0.10057980165445901,20日新高
JOYY,80.3,"JOYY Inc., together with its subsidiaries, engages in the provision of social product matrix and communication technology. It operates through two segments, BIGO and All Other. The company operates Bigo Live, a social li...",3932572416.0,0.0006230909876363544,0.0272837608931491,0.09810239993756786,5,0.5525199750063149,28889078.248672485,0.0,连续5天上涨 / 20日新高
SHOP,149.09,"Shopify Inc., a commerce technology company, provides tools to start, scale, market, and run a business of various sizes in Canada, the United States, Europe, the Middle East, Africa, the Asia Pacific, and Latin America....",193467334656.0,0.005326994402401253,0.027073522848133358,0.05089167173607967,4,0.46741486541381216,1455872355.2162552,-0.16714149537501244,20日新高
MGRC,114.99,"McGrath RentCorp operates as a business-to-business rental company in the United States and internationally. The company also engages in renting and selling relocatable modular buildings, portable storage containers, and...",2808707072.0,0.005596846507988973,0.027063226188585254,0.05032877546479342,2,1.0635135581464479,16935260.74859619,-0.06364226389053096,20日新高
RMBS,107.29,"Rambus Inc. manufactures and sells semiconductor products in the United States, South Korea, Singapore, and internationally. It offers memory interface chips comprising DDR5 memory interface chips which include registeri...",11636845568.0,0.004964394611200573,0.026207534995604798,0.2664069802835267,3,0.41678341656914614,252565218.42281342,-0.3713231066843795,20日新高
BPRE,12.62,Financial Services / Asset Management,,0.006379579262313806,0.026016234948131434,0.05081133765218793,5,1.042121698836513,10828703.971738815,-0.2618760277961941,连续5天上涨 / 20日新高
CRWD,266.09,"CrowdStrike Holdings, Inc. provides cybersecurity solutions in the United States and internationally. Its unified platform provides cloud-delivered protection of endpoints, cloud workloads, identity, and data through a s...",272458825728.0,0.005061364826782322,0.024723620665360047,0.3080817949712906,4,0.6219022941095639,2652165382.9854584,0.0,20日新高
QLYS,187.43,"Qualys, Inc. provides cloud-based platform delivering information technology (IT), security, and compliance solutions in the United States and internationally. The company provides Qualys Cloud Apps, which include cybers...",6484140544.0,0.0012286096756863873,0.024543512487451125,0.0971725731241484,4,0.8766991072146706,130116425.43884277,-0.04313871756377874,20日新高
SHO,11.31,"Sunstone Hotel Investors, Inc. is a lodging real estate investment trust (REIT). Sunstone's strategy is to create long-term stakeholder value through the acquisition, active ownership, and disposition of well-located hot...",2103026048.0,0.008920640600306173,0.02341142867153123,0.03643662600819586,1,0.9716712649120858,22701879.049010277,-0.03790694008701956,20日新高
HST,22.51,"Host Hotels & Resorts, Inc. is an S&P 500 company and is the largest lodging real estate investment trust and one of the largest owners of luxury and upper-upscale hotels. The Company currently owns 70 properties in the...",15638292480.0,0.005359573135534701,0.022621770189260593,0.027246878931039387,2,1.6672859547251877,184733004.58706856,-0.11071148368032124,20日新高
AIT,339.39,"Applied Industrial Technologies, Inc. distributes industrial motion, fluid power, flow control, automation technologies, and related maintenance supplies in the United States, Canada, Mexico, Australia, New Zealand, Sing...",12467117056.0,0.021366896147754,0.022197535927459322,0.062419789261060954,1,0.6532097375032487,93664219.5161438,-0.06232904212665058,20日新高
CRSR,13.85,"Corsair Gaming, Inc., together with its subsidiaries, designs and sells gaming and streaming peripherals, components, and systems in Europe, the Middle East, North Africa, North America, Latin America, and the Asia Pacif...",1498250880.0,0.025925954182942634,0.02214023516693353,0.1446280946139471,2,1.33192126780586,13779848.179769516,-0.03484320464866708,20日新高
ROK,442.45,"Rockwell Automation, Inc., together with its subsidiaries, provides industrial automation and digital transformation solutions in North America, Europe, the Middle East, Africa, the Asia Pacific, and Latin America. It op...",49233162240.0,0.01635546793095477,0.021989743589743593,0.04017779632313956,3,1.2655161090232423,291005745.01968384,-0.10355307827966209,20日新高
APLE,16.37,"Apple Hospitality REIT, Inc. is a publicly traded real estate investment trust that owns one of the largest and most diverse portfolios of upscale, rooms-focused hotels in the United States. Apple Hospitality's portfolio...",3864674048.0,0.012995111002734205,0.02116017979834961,0.04450096863994335,1,0.9040649912917437,41247575.566596985,-0.026900889662950345,20日新高
WSM,233.39,"Williams-Sonoma, Inc. operates as an omni-channel specialty retailer of various products for home the United States and internationally. The company provides cooking, dining, and entertaining products, such as cookware,...",27488481280.0,0.023909787180260933,0.02068571526189844,0.052633944184985015,1,1.2859219017630064,260910246.39640808,-0.07303995344669367,20日新高
OSPN,18.04,"OneSpan Inc., together with its subsidiaries, provides digital solutions for security, authentication, identity, electronic signature, and digital workflow products in the Americas, Europe, the Middle East, Africa, and t...",664813248.0,0.007258574495969006,0.020362025120903127,0.1156463098583973,2,0.8943280362532509,10035855.49689293,0.0,20日新高
SXI,285.12,"Standex International Corporation, through it subsidiaries, engages in the manufacture and sale of products and services for commercial and industrial markets in the United States and internationally. It operates through...",3501691136.0,0.04416610879081939,0.019742449546400254,0.025869832802801307,1,1.0124571222242282,37433025.46836853,-0.20203711392120938,20日新高
MOG-A,390.19,"Moog Inc. designs, manufactures, and integrates precision motion and fluid controls and controls systems for original equipment manufacturers and end users in the aerospace, defense, and industrial markets in the United...",12357773312.0,0.022858943541560706,0.019438282015431074,0.06854529118270491,1,0.8912630663566827,104856849.46685791,-0.12391665956339404,20日新高
PLUS,92.89,"ePlus inc., together with its subsidiaries, provides information technology (IT) solutions that enable organizations to optimize IT environment and supply chain processes in the United States and internationally. The com...",2423538944.0,0.03199641356589544,0.018977574133842712,0.06439787971538258,3,0.8314456453735465,21089296.739387512,-0.039859244607680866,20日新高
SEI,71.38,"Solaris Energy Infrastructure, Inc. provides modular and scalable equipment-based solutions for power generation, control and distribution, and management of raw materials used in the completion of oil and natural gas we...",7182709248.0,0.0028097351416791483,0.018259612085004706,0.35532383154639136,2,0.5993475801010187,187576709.20463562,-0.13706028870360998,20日新高
TSM,459.2,"Taiwan Semiconductor Manufacturing Company Limited, together with its subsidiaries, manufactures, packages, tests, and sells integrated circuits and other semiconductor devices in Taiwan, China, Europe, the Middle East,...",2381628833792.0,0.006598149344607007,0.017843330199388108,0.10813940917361897,1,0.8246527429193288,4335668085.888824,-0.03588606372273728,20日新高
NVT,165.77,"nVent Electric plc designs, manufactures, markets, installs, and services electrical connection and protection solutions in the America, Europe, the Middle East, India, Africa, the Asia Pacific, and internationally. It o...",26831190016.0,0.03367219130565835,0.017743119492952486,0.11878252224480601,1,0.8506900437441807,311549811.8160248,-0.09954680210275602,20日新高
STRC,99.5,"Strategy Inc, together with its subsidiaries, operates as a bitcoin treasury company in the United States, Europe, the Middle East, Africa, and internationally. It offers investors varying degrees of economic exposure to...",,0.0015098291714414902,0.01721312146697107,0.03544156424460354,5,1.2334452791378065,146845612.98755646,0.0,连续5天上涨 / 20日新高
HPE,64.58,"Hewlett Packard Enterprise Company, together with its subsidiaries, develops intelligent solutions in the United States, the Americas, Europe, the Middle East, Africa, the Asia Pacific, Japan, and internationally. It ope...",85727682560.0,0.010799850493002916,0.016687678930289662,0.24914804453300454,2,0.5869154651601668,1618387643.953743,0.0,20日新高
TDC,29.92,"Teradata Corporation, together with its subsidiaries, provides an AI and knowledge platforms in the United States and internationally. It operates in two segments, Product Sales and Consulting Services. The company's AI...",2782560000.0,0.03744798606074706,0.015614426548429261,0.05874026305617597,3,1.0178561474572176,46312230.15577316,-0.21013729586511198,20日新高
MU,1097.39,"Micron Technology, Inc. designs, develops, manufactures, and sells memory and storage products in the United States, Taiwan, Japan, Mainland China, Hong Kong, Europe, and internationally. It operates through the Cloud Me...",1239384719360.0,0.03030675680523287,0.015603439880827352,0.1478014340146121,3,1.8227073942326617,25338191142.1167,-0.09558755547686082,20日新高
NPO,315.91,"Enpro Inc., an industrial technology company, design, develops, manufactures, and markets proprietary, value-added products and solutions to safeguard critical environments in the United States, Europe, Asia Pacific, and...",6687081984.0,0.03150915427668588,0.01516758630956283,0.08713310039337108,1,0.8001969715622307,48358103.78601074,-0.18415719745257064,20日新高
RDVT,80.25,"Red Violet, Inc., an analytics and information solutions company, specializes in proprietary technologies and applying analytical capabilities to deliver identity intelligence in the United States. It offers idiCORE, an...",1287769728.0,0.015694188460234404,0.015051890692562964,0.12284872854813278,1,0.8951713545166554,15893685.208702087,0.0,20日新高
CRVL,74.72,"CorVel Corporation provides workers' compensation, general and auto liability, and hospital bill auditing and payment integrity solutions. It applies technology, including artificial intelligence, machine learning, and n...",3774598400.0,0.0022803241044442313,0.013427340549231559,0.06151444620826996,3,0.9506679242799798,16227247.892303467,-0.03649260760397277,20日新高
DSGX,81.19,"The Descartes Systems Group Inc. provides global logistics technology solutions in the United States, Europe, the Middle East, Africa, Canada, and the Asia Pacific. Its Logistics Technology platform offers a range of mod...",6945687040.0,0.004081150489287033,0.013228568879591007,0.03439934579082249,4,0.633585105723748,56558579.768600464,-0.17119229072884468,20日新高
RAL,70.8,"Ralliant Corporation engages in the design, development, manufacture, sale, and service of precision instruments and engineered products in the United States, China, and internationally. It operates through two segments,...",7833312768.0,0.023565200606645575,0.011862252630761683,0.1493241082546406,1,0.5782687751391261,97234283.50160599,-0.037677117836176666,20日新高
PEB,18.81,"Pebblebrook Hotel Trust is a publicly traded real estate investment trust and the largest owner of urban and resort lifestyle hotels in the United States. The Company owns 43 hotels, totaling approximately 10,900 guest r...",2122571520.0,0.0026652045016273274,0.011831064238660982,0.034637570498951886,2,1.115543012158306,40591505.405254364,-0.04708568449169859,20日新高
DT,59.26,"Dynatrace, Inc. engages in the advancement of observability for digital businesses, which transforms the complexity of modern digital ecosystems in North America, Europe, the Middle East, Africa, the Asia Pacific, and La...",17198962688.0,0.02632484584137562,0.009884083390270026,0.1649302057364439,2,0.7666793516488895,378077926.9044113,0.0,20日新高
BAND,62.44,"Bandwidth Inc. operates as a cloud-based software-powered communications platform-as-a-service provider in the United States and internationally. The company's platform enables enterprises to create, scale, and operate v...",2009368320.0,0.028496122028089488,0.009865708840201215,0.31314405107378307,1,0.8313236660507167,51818638.57526779,-0.20397760475146698,20日新高
HON,213.8,"Honeywell International Inc. engages in the industrial automation, building automation, and energy and sustainability solutions businesses in the United States, Europe, and internationally. The Industrial Automation segm...",67761774592.0,0.013558360563430849,0.009490579486016726,0.03751150314357554,2,0.7969655135970619,628156287.1797943,-0.17112692711729272,20日新高
MYRG,297.92,"MYR Group Inc., through its subsidiaries, provides electrical construction services in the United States and Canada. The company operates through two segments: Transmission and Distribution, and Commercial and Industrial...",4638391296.0,0.018669295398290098,0.00928254224520808,0.05402448208381139,3,0.5714609886161643,75340854.32250977,-0.4055035409476191,20日新高
RBC,508.49,"RBC Bearings Incorporated manufactures and markets engineered precision bearings, components, and systems in the United States and internationally. It operates through two segments: Aerospace/Defense and Industrial. The...",16098408448.0,0.01854852281366659,0.009209058399626269,0.03585319534059406,1,0.6358193716062561,159651678.79379272,-0.216369525257882,20日新高
PSO,16.16,"Pearson plc provides educational courseware, assessments, and services in the United Kingdom, the United States, Canada, the Asia Pacific, other European countries, and internationally. It operates through five segments:...",9713275904.0,0.006853620908439995,0.008739037805744365,0.002481327921606491,3,0.8384056411929235,11461403.123235703,-0.0776566311064808,20日新高
WEAV,7.38,"Weave Communications, Inc. operates an AI-powered patient communications, engagement, and payments platform for small and medium-sized healthcare businesses. It offers AI-receptionist; Unified Phone Number; Customized Ph...",593724288.0,0.0,0.005449585970229709,0.009575946950658887,0,1.0105018531919254,14118881.259188652,-0.027667988659443088,20日新高
TWLO,301.27,"Twilio Inc., together with its subsidiaries, provides customer engagement platform solutions in the United States and internationally. The company provides various application programming interfaces and software solution...",46267604992.0,0.030123770142922224,0.005372706840709673,0.3286438324748484,4,1.0182100975873951,666633832.2533417,0.0,20日新高
SLAB,222.51,"Silicon Laboratories Inc., a fabless semiconductor company, provides mixed-signal analog intensive products in the United States, China, Taiwan, and internationally. Its products are used in various electronic products i...",7424437760.0,0.00419709661565193,0.005104298487216941,0.010352807626249128,3,1.2928657226479894,65166427.88604736,0.0,20日新高
AES,14.92,"The AES Corporation, together with its subsidiaries, operates as a power generation and utility company. It operates through four segments: Renewables, Utilities, Energy Infrastructure, and New Energy Technologies. The c...",10644504576.0,0.0013423126359546345,0.0047137840421584976,0.008108100271120522,2,1.1161745906130152,121778933.36218834,-0.11544443043507024,20日新高
CTS,59.81,"CTS Corporation designs, manufactures, and sells sensors, connectivity components, and actuators in North America, Europe, and Asia. The company offers controls, pedals, sensors, switches, transducers, and piezo sensing...",1707946112.0,0.019083366379094358,0.004534774162108901,0.04981909694776521,1,0.8372584222198753,13708508.94367218,-0.12331958945042365,20日新高
WBD,30.95,"Warner Bros. Discovery, Inc. operates as a media and entertainment company worldwide. It operates through three segments: Streaming, Studios, and Global Linear Networks. The Streaming segment offers streaming services, s...",77595885568.0,0.0,0.003566816141611806,0.09017264629545729,0,0.9342699558167881,1429026034.5620537,0.0,20日新高
SAFT,103.81,"Safety Insurance Group, Inc. provides private passenger and commercial automobile, and homeowner insurance in Massachusetts, the United States. The company offers private passenger automobile policies that provide covera...",1523980800.0,0.0022204646019816643,0.0028982264145687164,0.006691183025929304,1,1.2897092608730096,13058141.801185608,0.0,20日新高
MKTX,164.22,"MarketAxess Holdings Inc., together with its subsidiaries, operates an electronic trading platform for institutional investor and broker-dealer firms in the United States, the United Kingdom, and internationally. The com...",5780083712.0,0.0018301796919775182,0.0027477372931707933,0.008536506626651175,1,0.5863749038379349,152989779.1342163,-0.14299895207244395,20日新高
SATA,100.01,"Strive, Inc. is a privately owned investment manager. It primarily provides its services to investment companies. The firm is a large advisory firm, an investment adviser to an investment company which provides portfolio...",,0.000520238030270237,0.002603700387373342,0.010559191806186252,14,1.0572873530811115,56445753.509902954,0.0,连续5天上涨 / 20日新高
RSKD,7.93,"Riskified Ltd., together with its subsidiaries, develops and offers an e-commerce risk intelligent platform that allows online merchants to create trusted relationships with consumers in the United States, Europe, the Mi...",1047059200.0,0.0025284426437830465,0.0025284426437830465,0.19248116009244476,3,0.8129103472286787,18014526.44062519,0.0,20日新高
ATKR,94.77,"Atkore Inc. engages in the manufacture and sale of electrical, mechanical, safety, and infrastructure products and solutions in the United States and internationally. It operates through two segments, Electrical, and Saf...",3200673280.0,0.00021104636481705796,0.0024327874477658717,0.013041085531911856,9,0.7477830351267508,75238637.97252655,0.0,连续5天上涨 / 20日新高
HUBB,466.98,"Hubbell Incorporated, together with its subsidiaries, manufactures and sells electrical and utility solutions in the United States and internationally. It operates through two segments, Electrical Solutions and Utility S...",24671754240.0,0.02949736486502408,0.002361136112274842,0.03754893556314354,1,1.0970488198897679,222429186.29237214,-0.15777570239751548,20日新高
UTZ,14.26,"Utz Brands, Inc. manufactures branded salty snacks in the United States. The company provides a range of salty snack food products, such as potato chips, tortilla chips, pretzels, cheese snacks, pub and party mixes, pork...",2052901120.0,0.0007017704478480269,0.0014045265509228244,0.008687994741466198,1,1.09823143670928,22502673.314146996,0.0,20日新高
BZH,33.39,"Beazer Homes USA, Inc. operates as a homebuilder in the United States. The company designs, constructs, and sells single-family, condominiums, villas, and duets homes under the Beazer Homes, Gatherings, and Choice Plans...",890832640.0,0.0011994278068223618,0.0008992439672668162,0.005722850070566166,1,1.218092312645035,24829988.585338593,-0.019958917266414966,20日新高
LXP,60.95,LXP Industrial Trust is a publicly traded real estate investment trust (REIT) focused on Class A warehouse and distribution investments in 12 target markets across the Sunbelt and lower Midwest. LXP seeks to expand its w...,3593445376.0,0.0004924917087314462,0.00032825303895456237,0.0036226119275717394,2,0.8072832142344059,57165780.27721405,-0.0032706583474868545,20日新高
FICO,661.75,"Fair Isaac Corporation provides analytics software in the Americas, Europe, the Middle East, Africa, and the Asia Pacific. It operates through two segments, Scores and Software. The Scores segment offers business-to-busi...",14292235264.0,0.11693424599166713,-0.22736080808587567,-0.39810811825071446,1,3.8857856302143956,608928555.0506592,-0.6479210540774945,放量大涨
