Alert,CheckedAtUTC,DrawdownPct,Error,HighDate,Latest,PeriodHigh,Ticker
True,2026-10-01T02:15:31.719978+00:00,-30.19,,2026-06-25,206.95,296.44,GNRC
False,2026-10-01T02:15:31.961682+00:00,-10.1,,2026-08-12,429.71,478.0,ETN
True,2026-10-01T02:15:32.054860+00:00,-52.5,,2026-05-27,269.08,566.47,DY
True,2026-10-01T02:15:32.404615+00:00,-27.31,,2026-04-23,32.45,44.64,SMERY
True,2026-10-01T02:15:32.594412+00:00,-38.45,,2025-10-15,254.02,412.7,CEG
True,2026-10-01T02:15:32.880990+00:00,-21.4,,2026-05-26,1347.22,1714.09,MPWR
True,2026-10-01T02:15:33.232109+00:00,-21.15,,2026-06-25,276.98,351.28,BE
False,2026-10-01T02:15:33.401371+00:00,-11.1,,2026-06-03,80.46,90.51,ROBO
False,2026-10-01T02:15:33.724499+00:00,-18.94,,2026-06-22,28.2,34.79,AIPO
False,2026-10-01T02:15:34.090496+00:00,-19.26,,2026-08-06,207.18,256.6,ITA
False,2026-10-01T02:15:34.383648+00:00,-4.63,,2026-08-19,168.42,176.6,XLV
False,2026-10-01T02:15:34.494821+00:00,-3.45,,2026-05-14,228.38,236.54,NVDA
True,2026-10-01T02:15:34.578240+00:00,-25.28,,2026-01-29,380.84,509.7,GLD
False,2026-10-01T02:15:34.719716+00:00,-11.44,,2026-05-11,177.11,199.99,GRID
False,2026-10-01T02:15:34.861479+00:00,-7.06,,2026-09-10,61.5,66.17,XLE
False,2026-10-01T02:15:34.996014+00:00,-17.49,,2026-02-27,39.44,47.8,XLU
False,2026-10-01T02:15:35.125798+00:00,-9.58,,2025-10-28,106.48,117.76,IGV
False,2026-10-01T02:15:35.242264+00:00,-9.35,,2026-06-22,609.0,671.83,SMH
True,2026-10-01T02:15:35.355903+00:00,-29.09,,2026-04-21,281.82,397.44,AEIS
True,2026-10-01T02:15:35.449273+00:00,-21.35,,2026-08-12,321.08,408.255,IESC
False,2026-10-01T02:15:35.555421+00:00,-13.14,,2026-06-22,160.37,184.64,NVT
True,2026-10-01T02:15:35.681503+00:00,-43.19,,2026-06-22,51.8,91.18,POWI
True,2026-10-01T02:15:35.797885+00:00,-22.12,,2026-05-07,60.23,77.34,NUKZ
False,2026-10-01T02:15:35.897248+00:00,-18.54,,2026-05-06,642.51,788.75,PWR
True,2026-10-01T02:15:35.991786+00:00,-51.61,,2026-05-06,213.62,441.43,MTZ
True,2026-10-01T02:15:36.280575+00:00,-20.52,,2026-07-06,950.49,1195.9399,GEV
True,2026-10-01T02:15:36.580760+00:00,-20.25,,2026-05-14,1654.09,2073.99,FIX
True,2026-10-01T02:15:36.687202+00:00,-34.08,,2026-06-03,109.99,166.86,FLEX
True,2026-10-01T02:15:36.788988+00:00,-51.1,,2026-06-04,491.78,1005.68,STRL
False,2026-10-01T02:15:36.981828+00:00,-15.61,,2026-07-07,118.64,140.58,AEP
True,2026-10-01T02:15:37.294390+00:00,-45.0,,2026-06-03,82.76,150.46,AAON
True,2026-10-01T02:15:37.415438+00:00,-31.51,,2026-05-06,117.52,171.577,ECG
True,2026-10-01T02:15:37.572888+00:00,-20.74,,2026-05-06,754.49,951.96,EME
True,2026-10-01T02:15:37.699122+00:00,-35.21,,2026-06-03,18.05,27.86,FOTO
True,2026-10-01T02:15:37.797385+00:00,-57.52,,2026-05-13,99.26,233.67,AAOI
True,2026-10-01T02:15:37.922496+00:00,-29.05,,2026-06-03,351.19,495.0,AVGO
False,2026-10-01T02:15:38.050311+00:00,-5.26,,2026-08-05,203.59,214.89,ANET
True,2026-10-01T02:15:38.180068+00:00,-43.35,,2026-05-14,424.27,748.89,FN
True,2026-10-01T02:15:38.266838+00:00,-34.59,,2026-06-03,287.81,440.0,COHR
True,2026-10-01T02:15:38.361866+00:00,-44.81,,2026-06-03,351.82,637.51,CIEN
True,2026-10-01T02:15:38.492799+00:00,-41.89,,2026-06-03,10.14,17.45,NOK
False,2026-10-01T02:15:38.576479+00:00,-10.54,,2026-05-12,971.26,1085.6801,LITE
True,2026-10-01T02:15:38.755506+00:00,-43.42,,2026-06-30,153.76,271.78,GLW
False,2026-10-01T02:15:38.907987+00:00,-19.91,,2026-06-18,264.21,329.88,MRVL
False,2026-10-01T02:15:39.076678+00:00,-16.15,,2026-06-22,280.09,334.03,TXN
False,2026-10-01T02:15:39.215581+00:00,-13.97,,2026-06-02,94.81,110.2,ABBNY
False,2026-10-01T02:15:39.352772+00:00,-11.03,,2026-06-22,396.71,445.91,ADI
True,2026-10-01T02:15:39.500016+00:00,-35.12,,2026-06-23,59480.0,91680.0,6146.T
True,2026-10-01T02:15:39.604684+00:00,-36.49,,2026-05-14,241.31,379.935,VRT
True,2026-10-01T02:15:39.868991+00:00,-36.58,,2026-06-30,194.93,307.37,KLAC
True,2026-10-01T02:15:40.241421+00:00,-25.08,,2026-06-30,328.51,438.5,LRCX
False,2026-10-01T02:15:40.382099+00:00,-4.76,,2026-06-30,456.19,479.0,TSM
False,2026-10-01T02:15:40.564635+00:00,-15.13,,2026-06-25,1065.11,1255.0,MU
True,2026-10-01T02:15:40.661021+00:00,-38.68,,2026-06-03,106.76,174.1,RMBS
True,2026-10-01T02:15:40.752066+00:00,-25.79,,2026-06-22,60.36,81.34,DRAM
True,2026-10-01T02:15:40.881267+00:00,-28.64,,2026-06-19,267250.0,374500.0,005930.KS
True,2026-10-01T02:15:41.024619+00:00,-40.71,,2026-06-25,1771000.0,2987000.0,000660.KS
False,,,no price data,,,,07709.HK
False,,,no price data,,,,07747.HK
True,2026-10-01T02:15:42.350340+00:00,-26.1,,2026-06-22,1739.89,2354.3899,SNDK
False,2026-10-01T02:15:42.490809+00:00,-19.45,,2026-06-18,922.34,1145.0,STX
True,2026-10-01T02:15:42.646554+00:00,-43.18,,2026-06-18,454.46,799.87,WDC
True,2026-10-01T02:15:42.756455+00:00,-21.13,,2026-06-22,280.0,355.0,SIMO
False,2026-10-01T02:15:42.842869+00:00,-6.45,,2026-09-21,178.35,190.64,SMTC
True,2026-10-01T02:15:42.926821+00:00,-45.93,,2026-05-26,77.41,143.16,AXTI
True,2026-10-01T02:15:43.010681+00:00,-27.7,,2026-05-11,652.03,901.81,SITM
True,2026-10-01T02:15:43.122380+00:00,-47.94,,2026-06-03,1770.0,3400.0,268A.T
False,2026-10-01T02:15:43.218106+00:00,-2.41,,2026-09-22,71.69,73.46,MAGS
False,2026-10-01T02:15:43.336751+00:00,-7.37,,2025-10-28,512.9,553.72,MSFT
True,2026-10-01T02:15:43.429707+00:00,-28.87,,2025-12-22,354.81,498.83,TSLA
False,2026-10-01T02:15:43.552630+00:00,-15.76,,2026-05-18,340.74,404.47,GOOG
False,2026-10-01T02:15:43.647243+00:00,-7.01,,2026-09-24,725.18,779.82,META
False,2026-10-01T02:15:43.727037+00:00,-13.25,,2026-08-03,249.15,287.2,AMZN
False,2026-10-01T02:15:43.872270+00:00,-3.57,,2026-09-22,333.02,345.34,AAPL
True,2026-10-01T02:15:43.958381+00:00,-43.13,,2025-10-10,87.12,153.2,CRWV
True,2026-10-01T02:15:44.153152+00:00,-33.85,,2026-06-02,219.93,332.46,IBM
True,2026-10-01T02:15:44.237817+00:00,-40.09,,2026-06-15,51.9,86.63,VECO
False,2026-10-01T02:15:44.411944+00:00,-3.32,,2026-08-26,327.85,339.12,NDSN
True,2026-10-01T02:15:44.494800+00:00,-20.35,,2026-06-30,307.82,386.46,ONTO
True,2026-10-01T02:15:44.578984+00:00,-37.47,,2026-06-15,385.2,615.99,NVMI
False,2026-10-01T02:15:44.748999+00:00,-14.23,,2026-07-01,11785.0,13740.0,4062.T
